Plate,Position,Name,Sequence
1,A1,B-FIP-CTTTCCGTCC,TCTGGCCCAGTTCCTAGGTAGT CTTTCCGTCC CCAGACGAATTCGTGGTGG
1,A2,B-FIP-CCCATAAATC,TCTGGCCCAGTTCCTAGGTAGT CCCATAAATC CCAGACGAATTCGTGGTGG
1,A3,B-FIP-ATCGGCATCT,TCTGGCCCAGTTCCTAGGTAGT ATCGGCATCT CCAGACGAATTCGTGGTGG
1,A4,B-FIP-CGACCTAGGA,TCTGGCCCAGTTCCTAGGTAGT CGACCTAGGA CCAGACGAATTCGTGGTGG
1,A5,B-FIP-GCGATTGTAA,TCTGGCCCAGTTCCTAGGTAGT GCGATTGTAA CCAGACGAATTCGTGGTGG
1,A6,B-FIP-TCGTCACACG,TCTGGCCCAGTTCCTAGGTAGT TCGTCACACG CCAGACGAATTCGTGGTGG
1,A7,B-FIP-AGGCAAATAG,TCTGGCCCAGTTCCTAGGTAGT AGGCAAATAG CCAGACGAATTCGTGGTGG
1,A8,B-FIP-CACTTAGGAG,TCTGGCCCAGTTCCTAGGTAGT CACTTAGGAG CCAGACGAATTCGTGGTGG
1,A9,B-FIP-TTAGAAGTCC,TCTGGCCCAGTTCCTAGGTAGT TTAGAAGTCC CCAGACGAATTCGTGGTGG
1,A10,B-FIP-GTTATACGCT,TCTGGCCCAGTTCCTAGGTAGT GTTATACGCT CCAGACGAATTCGTGGTGG
1,A11,B-FIP-CCTATAACGT,TCTGGCCCAGTTCCTAGGTAGT CCTATAACGT CCAGACGAATTCGTGGTGG
1,A12,B-FIP-GGTTTCTTGC,TCTGGCCCAGTTCCTAGGTAGT GGTTTCTTGC CCAGACGAATTCGTGGTGG
1,B1,B-FIP-ATCCCTATGT,TCTGGCCCAGTTCCTAGGTAGT ATCCCTATGT CCAGACGAATTCGTGGTGG
1,B2,B-FIP-AACAATGCGT,TCTGGCCCAGTTCCTAGGTAGT AACAATGCGT CCAGACGAATTCGTGGTGG
1,B3,B-FIP-CTCGTTAAGC,TCTGGCCCAGTTCCTAGGTAGT CTCGTTAAGC CCAGACGAATTCGTGGTGG
1,B4,B-FIP-TCTCACATGT,TCTGGCCCAGTTCCTAGGTAGT TCTCACATGT CCAGACGAATTCGTGGTGG
1,B5,B-FIP-CTACAAGTGT,TCTGGCCCAGTTCCTAGGTAGT CTACAAGTGT CCAGACGAATTCGTGGTGG
1,B6,B-FIP-GTTGTTTGGA,TCTGGCCCAGTTCCTAGGTAGT GTTGTTTGGA CCAGACGAATTCGTGGTGG
1,B7,B-FIP-GAAACGAACA,TCTGGCCCAGTTCCTAGGTAGT GAAACGAACA CCAGACGAATTCGTGGTGG
1,B8,B-FIP-GTAGTTCCAC,TCTGGCCCAGTTCCTAGGTAGT GTAGTTCCAC CCAGACGAATTCGTGGTGG
1,B9,B-FIP-CCGACTGAAA,TCTGGCCCAGTTCCTAGGTAGT CCGACTGAAA CCAGACGAATTCGTGGTGG
1,B10,B-FIP-CTGAGATGTG,TCTGGCCCAGTTCCTAGGTAGT CTGAGATGTG CCAGACGAATTCGTGGTGG
1,B11,B-FIP-GCTTCTCTTC,TCTGGCCCAGTTCCTAGGTAGT GCTTCTCTTC CCAGACGAATTCGTGGTGG
1,B12,B-FIP-ACGCTTACCA,TCTGGCCCAGTTCCTAGGTAGT ACGCTTACCA CCAGACGAATTCGTGGTGG
1,C1,B-FIP-AAGCCCAGGT,TCTGGCCCAGTTCCTAGGTAGT AAGCCCAGGT CCAGACGAATTCGTGGTGG
1,C2,B-FIP-GCATGAAGCG,TCTGGCCCAGTTCCTAGGTAGT GCATGAAGCG CCAGACGAATTCGTGGTGG
1,C3,B-FIP-TGCACAAGGG,TCTGGCCCAGTTCCTAGGTAGT TGCACAAGGG CCAGACGAATTCGTGGTGG
1,C4,B-FIP-CACGTAGACG,TCTGGCCCAGTTCCTAGGTAGT CACGTAGACG CCAGACGAATTCGTGGTGG
1,C5,B-FIP-TTCAACCAGT,TCTGGCCCAGTTCCTAGGTAGT TTCAACCAGT CCAGACGAATTCGTGGTGG
1,C6,B-FIP-AACGGCCAAG,TCTGGCCCAGTTCCTAGGTAGT AACGGCCAAG CCAGACGAATTCGTGGTGG
1,C7,B-FIP-TATCGCGAGT,TCTGGCCCAGTTCCTAGGTAGT TATCGCGAGT CCAGACGAATTCGTGGTGG
1,C8,B-FIP-TGTCAGACAA,TCTGGCCCAGTTCCTAGGTAGT TGTCAGACAA CCAGACGAATTCGTGGTGG
1,C9,B-FIP-CCCTCTTCAT,TCTGGCCCAGTTCCTAGGTAGT CCCTCTTCAT CCAGACGAATTCGTGGTGG
1,C10,B-FIP-AAAGGCCTTT,TCTGGCCCAGTTCCTAGGTAGT AAAGGCCTTT CCAGACGAATTCGTGGTGG
1,C11,B-FIP-CGTACAGCTC,TCTGGCCCAGTTCCTAGGTAGT CGTACAGCTC CCAGACGAATTCGTGGTGG
1,C12,B-FIP-CAGTTGTAGA,TCTGGCCCAGTTCCTAGGTAGT CAGTTGTAGA CCAGACGAATTCGTGGTGG
1,D1,B-FIP-TGCGTAGAAC,TCTGGCCCAGTTCCTAGGTAGT TGCGTAGAAC CCAGACGAATTCGTGGTGG
1,D2,B-FIP-GTATTTGGTG,TCTGGCCCAGTTCCTAGGTAGT GTATTTGGTG CCAGACGAATTCGTGGTGG
1,D3,B-FIP-GTGAGACCCT,TCTGGCCCAGTTCCTAGGTAGT GTGAGACCCT CCAGACGAATTCGTGGTGG
1,D4,B-FIP-ACACGTGGTC,TCTGGCCCAGTTCCTAGGTAGT ACACGTGGTC CCAGACGAATTCGTGGTGG
1,D5,B-FIP-ATACCGTTCT,TCTGGCCCAGTTCCTAGGTAGT ATACCGTTCT CCAGACGAATTCGTGGTGG
1,D6,B-FIP-GGAGTACCTC,TCTGGCCCAGTTCCTAGGTAGT GGAGTACCTC CCAGACGAATTCGTGGTGG
1,D7,B-FIP-ACAATCTACG,TCTGGCCCAGTTCCTAGGTAGT ACAATCTACG CCAGACGAATTCGTGGTGG
1,D8,B-FIP-TGACAGAACA,TCTGGCCCAGTTCCTAGGTAGT TGACAGAACA CCAGACGAATTCGTGGTGG
1,D9,B-FIP-TGCCGTCAAA,TCTGGCCCAGTTCCTAGGTAGT TGCCGTCAAA CCAGACGAATTCGTGGTGG
1,D10,B-FIP-CCTCGTTCTT,TCTGGCCCAGTTCCTAGGTAGT CCTCGTTCTT CCAGACGAATTCGTGGTGG
1,D11,B-FIP-CATGTAAAGC,TCTGGCCCAGTTCCTAGGTAGT CATGTAAAGC CCAGACGAATTCGTGGTGG
1,D12,B-FIP-TGGCTGTTTC,TCTGGCCCAGTTCCTAGGTAGT TGGCTGTTTC CCAGACGAATTCGTGGTGG
1,E1,B-FIP-TCCACTTGTG,TCTGGCCCAGTTCCTAGGTAGT TCCACTTGTG CCAGACGAATTCGTGGTGG
1,E2,B-FIP-CGCTTACGGT,TCTGGCCCAGTTCCTAGGTAGT CGCTTACGGT CCAGACGAATTCGTGGTGG
1,E3,B-FIP-AGGTTCCTGC,TCTGGCCCAGTTCCTAGGTAGT AGGTTCCTGC CCAGACGAATTCGTGGTGG
1,E4,B-FIP-CTTGGAACGT,TCTGGCCCAGTTCCTAGGTAGT CTTGGAACGT CCAGACGAATTCGTGGTGG
1,E5,B-FIP-ACGGCATACG,TCTGGCCCAGTTCCTAGGTAGT ACGGCATACG CCAGACGAATTCGTGGTGG
1,E6,B-FIP-GATTAGGAGT,TCTGGCCCAGTTCCTAGGTAGT GATTAGGAGT CCAGACGAATTCGTGGTGG
1,E7,B-FIP-CGAGTGTACT,TCTGGCCCAGTTCCTAGGTAGT CGAGTGTACT CCAGACGAATTCGTGGTGG
1,E8,B-FIP-TACGACCATT,TCTGGCCCAGTTCCTAGGTAGT TACGACCATT CCAGACGAATTCGTGGTGG
1,E9,B-FIP-CCTTTAGTCG,TCTGGCCCAGTTCCTAGGTAGT CCTTTAGTCG CCAGACGAATTCGTGGTGG
1,E10,B-FIP-GCCATCAACG,TCTGGCCCAGTTCCTAGGTAGT GCCATCAACG CCAGACGAATTCGTGGTGG
1,E11,B-FIP-TGTGTGTTCT,TCTGGCCCAGTTCCTAGGTAGT TGTGTGTTCT CCAGACGAATTCGTGGTGG
1,E12,B-FIP-CTACGGGTAA,TCTGGCCCAGTTCCTAGGTAGT CTACGGGTAA CCAGACGAATTCGTGGTGG
1,F1,B-FIP-TCTAAGTGGC,TCTGGCCCAGTTCCTAGGTAGT TCTAAGTGGC CCAGACGAATTCGTGGTGG
1,F2,B-FIP-TGGAACTAGG,TCTGGCCCAGTTCCTAGGTAGT TGGAACTAGG CCAGACGAATTCGTGGTGG
1,F3,B-FIP-TCGCAATAGT,TCTGGCCCAGTTCCTAGGTAGT TCGCAATAGT CCAGACGAATTCGTGGTGG
1,F4,B-FIP-ATAGGTGTGA,TCTGGCCCAGTTCCTAGGTAGT ATAGGTGTGA CCAGACGAATTCGTGGTGG
1,F5,B-FIP-CATCATCGCT,TCTGGCCCAGTTCCTAGGTAGT CATCATCGCT CCAGACGAATTCGTGGTGG
1,F6,B-FIP-TGTCTGCTGC,TCTGGCCCAGTTCCTAGGTAGT TGTCTGCTGC CCAGACGAATTCGTGGTGG
1,F7,B-FIP-CAGATGTCCC,TCTGGCCCAGTTCCTAGGTAGT CAGATGTCCC CCAGACGAATTCGTGGTGG
1,F8,B-FIP-AAACGCGTTA,TCTGGCCCAGTTCCTAGGTAGT AAACGCGTTA CCAGACGAATTCGTGGTGG
1,F9,B-FIP-GACAAATCAG,TCTGGCCCAGTTCCTAGGTAGT GACAAATCAG CCAGACGAATTCGTGGTGG
1,F10,B-FIP-ACCCAGAAGC,TCTGGCCCAGTTCCTAGGTAGT ACCCAGAAGC CCAGACGAATTCGTGGTGG
1,F11,B-FIP-GTACTATGGC,TCTGGCCCAGTTCCTAGGTAGT GTACTATGGC CCAGACGAATTCGTGGTGG
1,F12,B-FIP-AGGAGTAACT,TCTGGCCCAGTTCCTAGGTAGT AGGAGTAACT CCAGACGAATTCGTGGTGG
1,G1,B-FIP-ACCTCCCTAA,TCTGGCCCAGTTCCTAGGTAGT ACCTCCCTAA CCAGACGAATTCGTGGTGG
1,G2,B-FIP-GAAGTAGATG,TCTGGCCCAGTTCCTAGGTAGT GAAGTAGATG CCAGACGAATTCGTGGTGG
1,G3,B-FIP-AGCGCTATAT,TCTGGCCCAGTTCCTAGGTAGT AGCGCTATAT CCAGACGAATTCGTGGTGG
1,G4,B-FIP-GCACGTCAAT,TCTGGCCCAGTTCCTAGGTAGT GCACGTCAAT CCAGACGAATTCGTGGTGG
1,G5,B-FIP-ACCGCTTTCT,TCTGGCCCAGTTCCTAGGTAGT ACCGCTTTCT CCAGACGAATTCGTGGTGG
1,G6,B-FIP-TCATAGTGTC,TCTGGCCCAGTTCCTAGGTAGT TCATAGTGTC CCAGACGAATTCGTGGTGG
1,G7,B-FIP-GTTGAACTCT,TCTGGCCCAGTTCCTAGGTAGT GTTGAACTCT CCAGACGAATTCGTGGTGG
1,G8,B-FIP-ACAAGAAGCT,TCTGGCCCAGTTCCTAGGTAGT ACAAGAAGCT CCAGACGAATTCGTGGTGG
1,G9,B-FIP-TGAGTACGAC,TCTGGCCCAGTTCCTAGGTAGT TGAGTACGAC CCAGACGAATTCGTGGTGG
1,G10,B-FIP-CCTGTCTTAT,TCTGGCCCAGTTCCTAGGTAGT CCTGTCTTAT CCAGACGAATTCGTGGTGG
1,G11,B-FIP-TTGCTCGCTG,TCTGGCCCAGTTCCTAGGTAGT TTGCTCGCTG CCAGACGAATTCGTGGTGG
1,G12,B-FIP-TAATGTCCAC,TCTGGCCCAGTTCCTAGGTAGT TAATGTCCAC CCAGACGAATTCGTGGTGG
1,H1,B-FIP-CGCGTTAACA,TCTGGCCCAGTTCCTAGGTAGT CGCGTTAACA CCAGACGAATTCGTGGTGG
1,H2,B-FIP-GGCAATAGGT,TCTGGCCCAGTTCCTAGGTAGT GGCAATAGGT CCAGACGAATTCGTGGTGG
1,H3,B-FIP-TATACGGTGA,TCTGGCCCAGTTCCTAGGTAGT TATACGGTGA CCAGACGAATTCGTGGTGG
1,H4,B-FIP-TGACCTACAA,TCTGGCCCAGTTCCTAGGTAGT TGACCTACAA CCAGACGAATTCGTGGTGG
1,H5,B-FIP-TCCGGATACG,TCTGGCCCAGTTCCTAGGTAGT TCCGGATACG CCAGACGAATTCGTGGTGG
1,H6,B-FIP-AGGCACAATC,TCTGGCCCAGTTCCTAGGTAGT AGGCACAATC CCAGACGAATTCGTGGTGG
1,H7,B-FIP-TGCATCACGT,TCTGGCCCAGTTCCTAGGTAGT TGCATCACGT CCAGACGAATTCGTGGTGG
1,H8,B-FIP-GCCGCAATAT,TCTGGCCCAGTTCCTAGGTAGT GCCGCAATAT CCAGACGAATTCGTGGTGG
1,H9,B-FIP-CGCATACTAG,TCTGGCCCAGTTCCTAGGTAGT CGCATACTAG CCAGACGAATTCGTGGTGG
1,H10,B-FIP-AACAATTCCG,TCTGGCCCAGTTCCTAGGTAGT AACAATTCCG CCAGACGAATTCGTGGTGG
1,H11,B-FIP-TAACCATCGG,TCTGGCCCAGTTCCTAGGTAGT TAACCATCGG CCAGACGAATTCGTGGTGG
1,H12,B-FIP-AGGAGCATCG,TCTGGCCCAGTTCCTAGGTAGT AGGAGCATCG CCAGACGAATTCGTGGTGG
2,A1,B-FIP-CAGTTCCCGA,TCTGGCCCAGTTCCTAGGTAGT CAGTTCCCGA CCAGACGAATTCGTGGTGG
2,A2,B-FIP-ACGCTCCAGA,TCTGGCCCAGTTCCTAGGTAGT ACGCTCCAGA CCAGACGAATTCGTGGTGG
2,A3,B-FIP-GGCACATCGT,TCTGGCCCAGTTCCTAGGTAGT GGCACATCGT CCAGACGAATTCGTGGTGG
2,A4,B-FIP-TTCTACGGTT,TCTGGCCCAGTTCCTAGGTAGT TTCTACGGTT CCAGACGAATTCGTGGTGG
2,A5,B-FIP-ACGTTTAAGC,TCTGGCCCAGTTCCTAGGTAGT ACGTTTAAGC CCAGACGAATTCGTGGTGG
2,A6,B-FIP-GAGTCGATAG,TCTGGCCCAGTTCCTAGGTAGT GAGTCGATAG CCAGACGAATTCGTGGTGG
2,A7,B-FIP-TTTAGTCAGC,TCTGGCCCAGTTCCTAGGTAGT TTTAGTCAGC CCAGACGAATTCGTGGTGG
2,A8,B-FIP-ATCCTGCTAT,TCTGGCCCAGTTCCTAGGTAGT ATCCTGCTAT CCAGACGAATTCGTGGTGG
2,A9,B-FIP-TCCTTGATTG,TCTGGCCCAGTTCCTAGGTAGT TCCTTGATTG CCAGACGAATTCGTGGTGG
2,A10,B-FIP-GCACATTTAG,TCTGGCCCAGTTCCTAGGTAGT GCACATTTAG CCAGACGAATTCGTGGTGG
2,A11,B-FIP-GAAAGGGATA,TCTGGCCCAGTTCCTAGGTAGT GAAAGGGATA CCAGACGAATTCGTGGTGG
2,A12,B-FIP-TGACTACAGC,TCTGGCCCAGTTCCTAGGTAGT TGACTACAGC CCAGACGAATTCGTGGTGG
2,B1,B-FIP-CAATTTCCCG,TCTGGCCCAGTTCCTAGGTAGT CAATTTCCCG CCAGACGAATTCGTGGTGG
2,B2,B-FIP-CTCCCGTTTA,TCTGGCCCAGTTCCTAGGTAGT CTCCCGTTTA CCAGACGAATTCGTGGTGG
2,B3,B-FIP-CAGTAAAGGT,TCTGGCCCAGTTCCTAGGTAGT CAGTAAAGGT CCAGACGAATTCGTGGTGG
2,B4,B-FIP-ACCTCGTTCC,TCTGGCCCAGTTCCTAGGTAGT ACCTCGTTCC CCAGACGAATTCGTGGTGG
2,B5,B-FIP-CAATTGGGCG,TCTGGCCCAGTTCCTAGGTAGT CAATTGGGCG CCAGACGAATTCGTGGTGG
2,B6,B-FIP-GTAAACTAGC,TCTGGCCCAGTTCCTAGGTAGT GTAAACTAGC CCAGACGAATTCGTGGTGG
2,B7,B-FIP-AAGTGGCTGG,TCTGGCCCAGTTCCTAGGTAGT AAGTGGCTGG CCAGACGAATTCGTGGTGG
2,B8,B-FIP-TTGAACGCTA,TCTGGCCCAGTTCCTAGGTAGT TTGAACGCTA CCAGACGAATTCGTGGTGG
2,B9,B-FIP-TAAAGGAACC,TCTGGCCCAGTTCCTAGGTAGT TAAAGGAACC CCAGACGAATTCGTGGTGG
2,B10,B-FIP-TAAGTCCCTG,TCTGGCCCAGTTCCTAGGTAGT TAAGTCCCTG CCAGACGAATTCGTGGTGG
2,B11,B-FIP-TGGCGACCAT,TCTGGCCCAGTTCCTAGGTAGT TGGCGACCAT CCAGACGAATTCGTGGTGG
2,B12,B-FIP-AATTCCCTAC,TCTGGCCCAGTTCCTAGGTAGT AATTCCCTAC CCAGACGAATTCGTGGTGG
2,C1,B-FIP-TACTAGGACT,TCTGGCCCAGTTCCTAGGTAGT TACTAGGACT CCAGACGAATTCGTGGTGG
2,C2,B-FIP-CGCCATTCTG,TCTGGCCCAGTTCCTAGGTAGT CGCCATTCTG CCAGACGAATTCGTGGTGG
2,C3,B-FIP-AACCGTACCG,TCTGGCCCAGTTCCTAGGTAGT AACCGTACCG CCAGACGAATTCGTGGTGG
2,C4,B-FIP-TGTCGAGGTC,TCTGGCCCAGTTCCTAGGTAGT TGTCGAGGTC CCAGACGAATTCGTGGTGG
2,C5,B-FIP-GCTCGAAGAA,TCTGGCCCAGTTCCTAGGTAGT GCTCGAAGAA CCAGACGAATTCGTGGTGG
2,C6,B-FIP-TCTTGTCCTT,TCTGGCCCAGTTCCTAGGTAGT TCTTGTCCTT CCAGACGAATTCGTGGTGG
2,C7,B-FIP-AACTCGAAGC,TCTGGCCCAGTTCCTAGGTAGT AACTCGAAGC CCAGACGAATTCGTGGTGG
2,C8,B-FIP-TCCGGCCTTA,TCTGGCCCAGTTCCTAGGTAGT TCCGGCCTTA CCAGACGAATTCGTGGTGG
2,C9,B-FIP-ATCCTGGATA,TCTGGCCCAGTTCCTAGGTAGT ATCCTGGATA CCAGACGAATTCGTGGTGG
2,C10,B-FIP-TAATTCCTGG,TCTGGCCCAGTTCCTAGGTAGT TAATTCCTGG CCAGACGAATTCGTGGTGG
2,C11,B-FIP-AAACGCTCAC,TCTGGCCCAGTTCCTAGGTAGT AAACGCTCAC CCAGACGAATTCGTGGTGG
2,C12,B-FIP-GCTCTGATCG,TCTGGCCCAGTTCCTAGGTAGT GCTCTGATCG CCAGACGAATTCGTGGTGG
2,D1,B-FIP-AGGATTAGCA,TCTGGCCCAGTTCCTAGGTAGT AGGATTAGCA CCAGACGAATTCGTGGTGG
2,D2,B-FIP-CTAGGAAGGC,TCTGGCCCAGTTCCTAGGTAGT CTAGGAAGGC CCAGACGAATTCGTGGTGG
2,D3,B-FIP-ACGCTAAGTC,TCTGGCCCAGTTCCTAGGTAGT ACGCTAAGTC CCAGACGAATTCGTGGTGG
2,D4,B-FIP-CGGTCCATCT,TCTGGCCCAGTTCCTAGGTAGT CGGTCCATCT CCAGACGAATTCGTGGTGG
2,D5,B-FIP-CAAGAAGGGC,TCTGGCCCAGTTCCTAGGTAGT CAAGAAGGGC CCAGACGAATTCGTGGTGG
2,D6,B-FIP-AACTCGCCTG,TCTGGCCCAGTTCCTAGGTAGT AACTCGCCTG CCAGACGAATTCGTGGTGG
2,D7,B-FIP-AGACAGATAC,TCTGGCCCAGTTCCTAGGTAGT AGACAGATAC CCAGACGAATTCGTGGTGG
2,D8,B-FIP-ATTCTGCTTC,TCTGGCCCAGTTCCTAGGTAGT ATTCTGCTTC CCAGACGAATTCGTGGTGG
2,D9,B-FIP-GCAACTTGGC,TCTGGCCCAGTTCCTAGGTAGT GCAACTTGGC CCAGACGAATTCGTGGTGG
2,D10,B-FIP-TCGTCGCCTT,TCTGGCCCAGTTCCTAGGTAGT TCGTCGCCTT CCAGACGAATTCGTGGTGG
2,D11,B-FIP-TGCCAAAGTA,TCTGGCCCAGTTCCTAGGTAGT TGCCAAAGTA CCAGACGAATTCGTGGTGG
2,D12,B-FIP-AATGCCTCAC,TCTGGCCCAGTTCCTAGGTAGT AATGCCTCAC CCAGACGAATTCGTGGTGG
2,E1,B-FIP-TTTGGCAGAT,TCTGGCCCAGTTCCTAGGTAGT TTTGGCAGAT CCAGACGAATTCGTGGTGG
2,E2,B-FIP-AGAAGGCAGG,TCTGGCCCAGTTCCTAGGTAGT AGAAGGCAGG CCAGACGAATTCGTGGTGG
2,E3,B-FIP-TGGAATGACA,TCTGGCCCAGTTCCTAGGTAGT TGGAATGACA CCAGACGAATTCGTGGTGG
2,E4,B-FIP-GCAAATCGCG,TCTGGCCCAGTTCCTAGGTAGT GCAAATCGCG CCAGACGAATTCGTGGTGG
2,E5,B-FIP-CAGCGGATAG,TCTGGCCCAGTTCCTAGGTAGT CAGCGGATAG CCAGACGAATTCGTGGTGG
2,E6,B-FIP-AAACCACCTA,TCTGGCCCAGTTCCTAGGTAGT AAACCACCTA CCAGACGAATTCGTGGTGG
2,E7,B-FIP-CCTACTCCCT,TCTGGCCCAGTTCCTAGGTAGT CCTACTCCCT CCAGACGAATTCGTGGTGG
2,E8,B-FIP-ACACGGTCCT,TCTGGCCCAGTTCCTAGGTAGT ACACGGTCCT CCAGACGAATTCGTGGTGG
2,E9,B-FIP-CAGCAGTGCA,TCTGGCCCAGTTCCTAGGTAGT CAGCAGTGCA CCAGACGAATTCGTGGTGG
2,E10,B-FIP-TGCTTAGTCC,TCTGGCCCAGTTCCTAGGTAGT TGCTTAGTCC CCAGACGAATTCGTGGTGG
2,E11,B-FIP-TAGGCGTGGA,TCTGGCCCAGTTCCTAGGTAGT TAGGCGTGGA CCAGACGAATTCGTGGTGG
2,E12,B-FIP-TTGTGACAAC,TCTGGCCCAGTTCCTAGGTAGT TTGTGACAAC CCAGACGAATTCGTGGTGG
2,F1,B-FIP-AGATCATCGT,TCTGGCCCAGTTCCTAGGTAGT AGATCATCGT CCAGACGAATTCGTGGTGG
2,F2,B-FIP-CGGTTACTCG,TCTGGCCCAGTTCCTAGGTAGT CGGTTACTCG CCAGACGAATTCGTGGTGG
2,F3,B-FIP-CATATCGTGA,TCTGGCCCAGTTCCTAGGTAGT CATATCGTGA CCAGACGAATTCGTGGTGG
2,F4,B-FIP-ATTGCTCGAT,TCTGGCCCAGTTCCTAGGTAGT ATTGCTCGAT CCAGACGAATTCGTGGTGG
2,F5,B-FIP-TTGACGGTTT,TCTGGCCCAGTTCCTAGGTAGT TTGACGGTTT CCAGACGAATTCGTGGTGG
2,F6,B-FIP-TTGCACCAGC,TCTGGCCCAGTTCCTAGGTAGT TTGCACCAGC CCAGACGAATTCGTGGTGG
2,F7,B-FIP-TTGCATCCTC,TCTGGCCCAGTTCCTAGGTAGT TTGCATCCTC CCAGACGAATTCGTGGTGG
2,F8,B-FIP-GTATGGATCA,TCTGGCCCAGTTCCTAGGTAGT GTATGGATCA CCAGACGAATTCGTGGTGG
2,F9,B-FIP-GCTACTGTTG,TCTGGCCCAGTTCCTAGGTAGT GCTACTGTTG CCAGACGAATTCGTGGTGG
2,F10,B-FIP-CACCTCGTAA,TCTGGCCCAGTTCCTAGGTAGT CACCTCGTAA CCAGACGAATTCGTGGTGG
2,F11,B-FIP-CGAATAGGGA,TCTGGCCCAGTTCCTAGGTAGT CGAATAGGGA CCAGACGAATTCGTGGTGG
2,F12,B-FIP-GACACATGAT,TCTGGCCCAGTTCCTAGGTAGT GACACATGAT CCAGACGAATTCGTGGTGG
2,G1,B-FIP-CACCAGCGTT,TCTGGCCCAGTTCCTAGGTAGT CACCAGCGTT CCAGACGAATTCGTGGTGG
2,G2,B-FIP-TTGAATCTCC,TCTGGCCCAGTTCCTAGGTAGT TTGAATCTCC CCAGACGAATTCGTGGTGG
2,G3,B-FIP-CGGATACAAT,TCTGGCCCAGTTCCTAGGTAGT CGGATACAAT CCAGACGAATTCGTGGTGG
2,G4,B-FIP-GGCACCTAAG,TCTGGCCCAGTTCCTAGGTAGT GGCACCTAAG CCAGACGAATTCGTGGTGG
2,G5,B-FIP-CCTCAAACCT,TCTGGCCCAGTTCCTAGGTAGT CCTCAAACCT CCAGACGAATTCGTGGTGG
2,G6,B-FIP-AAGACGTTAG,TCTGGCCCAGTTCCTAGGTAGT AAGACGTTAG CCAGACGAATTCGTGGTGG
2,G7,B-FIP-ATCGCTGTCG,TCTGGCCCAGTTCCTAGGTAGT ATCGCTGTCG CCAGACGAATTCGTGGTGG
2,G8,B-FIP-GGTGGCGTAT,TCTGGCCCAGTTCCTAGGTAGT GGTGGCGTAT CCAGACGAATTCGTGGTGG
2,G9,B-FIP-GCATCCAGCA,TCTGGCCCAGTTCCTAGGTAGT GCATCCAGCA CCAGACGAATTCGTGGTGG
2,G10,B-FIP-AGTCACCGTC,TCTGGCCCAGTTCCTAGGTAGT AGTCACCGTC CCAGACGAATTCGTGGTGG
2,G11,B-FIP-TGCATAACTC,TCTGGCCCAGTTCCTAGGTAGT TGCATAACTC CCAGACGAATTCGTGGTGG
2,G12,B-FIP-AGCAAACTAC,TCTGGCCCAGTTCCTAGGTAGT AGCAAACTAC CCAGACGAATTCGTGGTGG
2,H1,B-FIP-CATGACACCC,TCTGGCCCAGTTCCTAGGTAGT CATGACACCC CCAGACGAATTCGTGGTGG
2,H2,B-FIP-CCGTGCTACT,TCTGGCCCAGTTCCTAGGTAGT CCGTGCTACT CCAGACGAATTCGTGGTGG
2,H3,B-FIP-GTTTAGGCCT,TCTGGCCCAGTTCCTAGGTAGT GTTTAGGCCT CCAGACGAATTCGTGGTGG
2,H4,B-FIP-CTACGCAAGC,TCTGGCCCAGTTCCTAGGTAGT CTACGCAAGC CCAGACGAATTCGTGGTGG
2,H5,B-FIP-CTCACCCATG,TCTGGCCCAGTTCCTAGGTAGT CTCACCCATG CCAGACGAATTCGTGGTGG
2,H6,B-FIP-CATACAGGCA,TCTGGCCCAGTTCCTAGGTAGT CATACAGGCA CCAGACGAATTCGTGGTGG
2,H7,B-FIP-CCAAACCGCT,TCTGGCCCAGTTCCTAGGTAGT CCAAACCGCT CCAGACGAATTCGTGGTGG
2,H8,B-FIP-TATTGAGCGA,TCTGGCCCAGTTCCTAGGTAGT TATTGAGCGA CCAGACGAATTCGTGGTGG
2,H9,B-FIP-TGGGTGGCTA,TCTGGCCCAGTTCCTAGGTAGT TGGGTGGCTA CCAGACGAATTCGTGGTGG
2,H10,B-FIP-ACGTATACAG,TCTGGCCCAGTTCCTAGGTAGT ACGTATACAG CCAGACGAATTCGTGGTGG
2,H11,B-FIP-CGAATAGTCT,TCTGGCCCAGTTCCTAGGTAGT CGAATAGTCT CCAGACGAATTCGTGGTGG
2,H12,B-FIP-TACCAGTGAT,TCTGGCCCAGTTCCTAGGTAGT TACCAGTGAT CCAGACGAATTCGTGGTGG
3,A1,B-FIP-GTCAGTTGGC,TCTGGCCCAGTTCCTAGGTAGT GTCAGTTGGC CCAGACGAATTCGTGGTGG
3,A2,B-FIP-GTGGCAATAA,TCTGGCCCAGTTCCTAGGTAGT GTGGCAATAA CCAGACGAATTCGTGGTGG
3,A3,B-FIP-CGTTTGAGAG,TCTGGCCCAGTTCCTAGGTAGT CGTTTGAGAG CCAGACGAATTCGTGGTGG
3,A4,B-FIP-AAGACTTCGT,TCTGGCCCAGTTCCTAGGTAGT AAGACTTCGT CCAGACGAATTCGTGGTGG
3,A5,B-FIP-AAGTGCGCCT,TCTGGCCCAGTTCCTAGGTAGT AAGTGCGCCT CCAGACGAATTCGTGGTGG
3,A6,B-FIP-ATGTGCCCGT,TCTGGCCCAGTTCCTAGGTAGT ATGTGCCCGT CCAGACGAATTCGTGGTGG
3,A7,B-FIP-ATACGCTGCA,TCTGGCCCAGTTCCTAGGTAGT ATACGCTGCA CCAGACGAATTCGTGGTGG
3,A8,B-FIP-CTATTGCCGT,TCTGGCCCAGTTCCTAGGTAGT CTATTGCCGT CCAGACGAATTCGTGGTGG
3,A9,B-FIP-GGTGTAGCGT,TCTGGCCCAGTTCCTAGGTAGT GGTGTAGCGT CCAGACGAATTCGTGGTGG
3,A10,B-FIP-CATACTCCTC,TCTGGCCCAGTTCCTAGGTAGT CATACTCCTC CCAGACGAATTCGTGGTGG
3,A11,B-FIP-GATACGGATT,TCTGGCCCAGTTCCTAGGTAGT GATACGGATT CCAGACGAATTCGTGGTGG
3,A12,B-FIP-TCCCTCCAAC,TCTGGCCCAGTTCCTAGGTAGT TCCCTCCAAC CCAGACGAATTCGTGGTGG
3,B1,B-FIP-GTGTCTGTAT,TCTGGCCCAGTTCCTAGGTAGT GTGTCTGTAT CCAGACGAATTCGTGGTGG
3,B2,B-FIP-TCCTCCGATA,TCTGGCCCAGTTCCTAGGTAGT TCCTCCGATA CCAGACGAATTCGTGGTGG
3,B3,B-FIP-TAGTAGGGTT,TCTGGCCCAGTTCCTAGGTAGT TAGTAGGGTT CCAGACGAATTCGTGGTGG
3,B4,B-FIP-GCTGAAGGCA,TCTGGCCCAGTTCCTAGGTAGT GCTGAAGGCA CCAGACGAATTCGTGGTGG
3,B5,B-FIP-ATAGCAGGGT,TCTGGCCCAGTTCCTAGGTAGT ATAGCAGGGT CCAGACGAATTCGTGGTGG
3,B6,B-FIP-CATAGACGAT,TCTGGCCCAGTTCCTAGGTAGT CATAGACGAT CCAGACGAATTCGTGGTGG
3,B7,B-FIP-TGATGTCGCG,TCTGGCCCAGTTCCTAGGTAGT TGATGTCGCG CCAGACGAATTCGTGGTGG
3,B8,B-FIP-TTACACACTG,TCTGGCCCAGTTCCTAGGTAGT TTACACACTG CCAGACGAATTCGTGGTGG
3,B9,B-FIP-GTTTACGAGA,TCTGGCCCAGTTCCTAGGTAGT GTTTACGAGA CCAGACGAATTCGTGGTGG
3,B10,B-FIP-TTTACGCAAC,TCTGGCCCAGTTCCTAGGTAGT TTTACGCAAC CCAGACGAATTCGTGGTGG
3,B11,B-FIP-TGCGCTTCTG,TCTGGCCCAGTTCCTAGGTAGT TGCGCTTCTG CCAGACGAATTCGTGGTGG
3,B12,B-FIP-TACCCACTGC,TCTGGCCCAGTTCCTAGGTAGT TACCCACTGC CCAGACGAATTCGTGGTGG
3,C1,B-FIP-TGGGATGGAC,TCTGGCCCAGTTCCTAGGTAGT TGGGATGGAC CCAGACGAATTCGTGGTGG
3,C2,B-FIP-ACTCTGTGAG,TCTGGCCCAGTTCCTAGGTAGT ACTCTGTGAG CCAGACGAATTCGTGGTGG
3,C3,B-FIP-CGCGATTCAC,TCTGGCCCAGTTCCTAGGTAGT CGCGATTCAC CCAGACGAATTCGTGGTGG
3,C4,B-FIP-GATCTTTCGT,TCTGGCCCAGTTCCTAGGTAGT GATCTTTCGT CCAGACGAATTCGTGGTGG
3,C5,B-FIP-CAATACTGCG,TCTGGCCCAGTTCCTAGGTAGT CAATACTGCG CCAGACGAATTCGTGGTGG
3,C6,B-FIP-GGCGACTAAC,TCTGGCCCAGTTCCTAGGTAGT GGCGACTAAC CCAGACGAATTCGTGGTGG
3,C7,B-FIP-TGAAAGTCCT,TCTGGCCCAGTTCCTAGGTAGT TGAAAGTCCT CCAGACGAATTCGTGGTGG
3,C8,B-FIP-TATCTGCACC,TCTGGCCCAGTTCCTAGGTAGT TATCTGCACC CCAGACGAATTCGTGGTGG
3,C9,B-FIP-GTGCCACAAA,TCTGGCCCAGTTCCTAGGTAGT GTGCCACAAA CCAGACGAATTCGTGGTGG
3,C10,B-FIP-GATACACACT,TCTGGCCCAGTTCCTAGGTAGT GATACACACT CCAGACGAATTCGTGGTGG
3,C11,B-FIP-ACTGTCCAAC,TCTGGCCCAGTTCCTAGGTAGT ACTGTCCAAC CCAGACGAATTCGTGGTGG
3,C12,B-FIP-CTGTGAGATC,TCTGGCCCAGTTCCTAGGTAGT CTGTGAGATC CCAGACGAATTCGTGGTGG
3,D1,B-FIP-AACTGCGAAA,TCTGGCCCAGTTCCTAGGTAGT AACTGCGAAA CCAGACGAATTCGTGGTGG
3,D2,B-FIP-TGGGCTCTAA,TCTGGCCCAGTTCCTAGGTAGT TGGGCTCTAA CCAGACGAATTCGTGGTGG
3,D3,B-FIP-TCTCAATGAC,TCTGGCCCAGTTCCTAGGTAGT TCTCAATGAC CCAGACGAATTCGTGGTGG
3,D4,B-FIP-TTGTCGCTAC,TCTGGCCCAGTTCCTAGGTAGT TTGTCGCTAC CCAGACGAATTCGTGGTGG
3,D5,B-FIP-GACATGGTGG,TCTGGCCCAGTTCCTAGGTAGT GACATGGTGG CCAGACGAATTCGTGGTGG
3,D6,B-FIP-ACGTACATGG,TCTGGCCCAGTTCCTAGGTAGT ACGTACATGG CCAGACGAATTCGTGGTGG
3,D7,B-FIP-TAACCACGAT,TCTGGCCCAGTTCCTAGGTAGT TAACCACGAT CCAGACGAATTCGTGGTGG
3,D8,B-FIP-TTACTCCGCA,TCTGGCCCAGTTCCTAGGTAGT TTACTCCGCA CCAGACGAATTCGTGGTGG
3,D9,B-FIP-TAACCTGCAG,TCTGGCCCAGTTCCTAGGTAGT TAACCTGCAG CCAGACGAATTCGTGGTGG
3,D10,B-FIP-TACACGTGCG,TCTGGCCCAGTTCCTAGGTAGT TACACGTGCG CCAGACGAATTCGTGGTGG
3,D11,B-FIP-GTCTGGCGTA,TCTGGCCCAGTTCCTAGGTAGT GTCTGGCGTA CCAGACGAATTCGTGGTGG
3,D12,B-FIP-CCATATCGGC,TCTGGCCCAGTTCCTAGGTAGT CCATATCGGC CCAGACGAATTCGTGGTGG
3,E1,B-FIP-GACTACATTC,TCTGGCCCAGTTCCTAGGTAGT GACTACATTC CCAGACGAATTCGTGGTGG
3,E2,B-FIP-AGTCTGTCGA,TCTGGCCCAGTTCCTAGGTAGT AGTCTGTCGA CCAGACGAATTCGTGGTGG
3,E3,B-FIP-ACGCGTCATC,TCTGGCCCAGTTCCTAGGTAGT ACGCGTCATC CCAGACGAATTCGTGGTGG
3,E4,B-FIP-AACGCTGCTG,TCTGGCCCAGTTCCTAGGTAGT AACGCTGCTG CCAGACGAATTCGTGGTGG
3,E5,B-FIP-TCCGTCAATT,TCTGGCCCAGTTCCTAGGTAGT TCCGTCAATT CCAGACGAATTCGTGGTGG
3,E6,B-FIP-TGTTATAGCC,TCTGGCCCAGTTCCTAGGTAGT TGTTATAGCC CCAGACGAATTCGTGGTGG
3,E7,B-FIP-ATTCCCTCAA,TCTGGCCCAGTTCCTAGGTAGT ATTCCCTCAA CCAGACGAATTCGTGGTGG
3,E8,B-FIP-CCCTGTCTTC,TCTGGCCCAGTTCCTAGGTAGT CCCTGTCTTC CCAGACGAATTCGTGGTGG
3,E9,B-FIP-CACGTCTACA,TCTGGCCCAGTTCCTAGGTAGT CACGTCTACA CCAGACGAATTCGTGGTGG
3,E10,B-FIP-TCTTGAGAAC,TCTGGCCCAGTTCCTAGGTAGT TCTTGAGAAC CCAGACGAATTCGTGGTGG
3,E11,B-FIP-CGTAAGACCG,TCTGGCCCAGTTCCTAGGTAGT CGTAAGACCG CCAGACGAATTCGTGGTGG
3,E12,B-FIP-GCAGGGTACT,TCTGGCCCAGTTCCTAGGTAGT GCAGGGTACT CCAGACGAATTCGTGGTGG
3,F1,B-FIP-GCAATCTCCA,TCTGGCCCAGTTCCTAGGTAGT GCAATCTCCA CCAGACGAATTCGTGGTGG
3,F2,B-FIP-TAGTGCCTAT,TCTGGCCCAGTTCCTAGGTAGT TAGTGCCTAT CCAGACGAATTCGTGGTGG
3,F3,B-FIP-TACTCTGTTC,TCTGGCCCAGTTCCTAGGTAGT TACTCTGTTC CCAGACGAATTCGTGGTGG
3,F4,B-FIP-AACTCCCAGG,TCTGGCCCAGTTCCTAGGTAGT AACTCCCAGG CCAGACGAATTCGTGGTGG
3,F5,B-FIP-ACGGGTTTCC,TCTGGCCCAGTTCCTAGGTAGT ACGGGTTTCC CCAGACGAATTCGTGGTGG
3,F6,B-FIP-GCTGCCAGTT,TCTGGCCCAGTTCCTAGGTAGT GCTGCCAGTT CCAGACGAATTCGTGGTGG
3,F7,B-FIP-CTAGCCCACT,TCTGGCCCAGTTCCTAGGTAGT CTAGCCCACT CCAGACGAATTCGTGGTGG
3,F8,B-FIP-CTATGATCGA,TCTGGCCCAGTTCCTAGGTAGT CTATGATCGA CCAGACGAATTCGTGGTGG
3,F9,B-FIP-GGTCACTAGG,TCTGGCCCAGTTCCTAGGTAGT GGTCACTAGG CCAGACGAATTCGTGGTGG
3,F10,B-FIP-AAACGCCTCG,TCTGGCCCAGTTCCTAGGTAGT AAACGCCTCG CCAGACGAATTCGTGGTGG
3,F11,B-FIP-CTAGACTCAA,TCTGGCCCAGTTCCTAGGTAGT CTAGACTCAA CCAGACGAATTCGTGGTGG
3,F12,B-FIP-AATGGCTGTA,TCTGGCCCAGTTCCTAGGTAGT AATGGCTGTA CCAGACGAATTCGTGGTGG
3,G1,B-FIP-TTAGCGCAGC,TCTGGCCCAGTTCCTAGGTAGT TTAGCGCAGC CCAGACGAATTCGTGGTGG
3,G2,B-FIP-CTGATAGGGT,TCTGGCCCAGTTCCTAGGTAGT CTGATAGGGT CCAGACGAATTCGTGGTGG
3,G3,B-FIP-AGTTCTTGCA,TCTGGCCCAGTTCCTAGGTAGT AGTTCTTGCA CCAGACGAATTCGTGGTGG
3,G4,B-FIP-CCGCCTCTAA,TCTGGCCCAGTTCCTAGGTAGT CCGCCTCTAA CCAGACGAATTCGTGGTGG
3,G5,B-FIP-ACTGCACCAG,TCTGGCCCAGTTCCTAGGTAGT ACTGCACCAG CCAGACGAATTCGTGGTGG
3,G6,B-FIP-GCCATGCTTG,TCTGGCCCAGTTCCTAGGTAGT GCCATGCTTG CCAGACGAATTCGTGGTGG
3,G7,B-FIP-GCGCTTTGTC,TCTGGCCCAGTTCCTAGGTAGT GCGCTTTGTC CCAGACGAATTCGTGGTGG
3,G8,B-FIP-ACCCAGTTCA,TCTGGCCCAGTTCCTAGGTAGT ACCCAGTTCA CCAGACGAATTCGTGGTGG
3,G9,B-FIP-GCTATGCAAA,TCTGGCCCAGTTCCTAGGTAGT GCTATGCAAA CCAGACGAATTCGTGGTGG
3,G10,B-FIP-AGGTCGGCTA,TCTGGCCCAGTTCCTAGGTAGT AGGTCGGCTA CCAGACGAATTCGTGGTGG
3,G11,B-FIP-AGGAGTTCAC,TCTGGCCCAGTTCCTAGGTAGT AGGAGTTCAC CCAGACGAATTCGTGGTGG
3,G12,B-FIP-AGTTCCTCCC,TCTGGCCCAGTTCCTAGGTAGT AGTTCCTCCC CCAGACGAATTCGTGGTGG
3,H1,B-FIP-ATCAGGTACG,TCTGGCCCAGTTCCTAGGTAGT ATCAGGTACG CCAGACGAATTCGTGGTGG
3,H2,B-FIP-TCACAACAAC,TCTGGCCCAGTTCCTAGGTAGT TCACAACAAC CCAGACGAATTCGTGGTGG
3,H3,B-FIP-ACCGTAGGAC,TCTGGCCCAGTTCCTAGGTAGT ACCGTAGGAC CCAGACGAATTCGTGGTGG
3,H4,B-FIP-GTATGTCGCC,TCTGGCCCAGTTCCTAGGTAGT GTATGTCGCC CCAGACGAATTCGTGGTGG
3,H5,B-FIP-CCCACACCAT,TCTGGCCCAGTTCCTAGGTAGT CCCACACCAT CCAGACGAATTCGTGGTGG
3,H6,B-FIP-ATACAGCTCC,TCTGGCCCAGTTCCTAGGTAGT ATACAGCTCC CCAGACGAATTCGTGGTGG
3,H7,B-FIP-CAAACAATCG,TCTGGCCCAGTTCCTAGGTAGT CAAACAATCG CCAGACGAATTCGTGGTGG
3,H8,B-FIP-TCGTTTCCGC,TCTGGCCCAGTTCCTAGGTAGT TCGTTTCCGC CCAGACGAATTCGTGGTGG
3,H9,B-FIP-GCCCGAGTAT,TCTGGCCCAGTTCCTAGGTAGT GCCCGAGTAT CCAGACGAATTCGTGGTGG
3,H10,B-FIP-AGATTCAACC,TCTGGCCCAGTTCCTAGGTAGT AGATTCAACC CCAGACGAATTCGTGGTGG
3,H11,B-FIP-TCGGTTTCTC,TCTGGCCCAGTTCCTAGGTAGT TCGGTTTCTC CCAGACGAATTCGTGGTGG
3,H12,B-FIP-TCGCGTACAA,TCTGGCCCAGTTCCTAGGTAGT TCGCGTACAA CCAGACGAATTCGTGGTGG
4,A1,B-FIP-GATAACGCAT,TCTGGCCCAGTTCCTAGGTAGT GATAACGCAT CCAGACGAATTCGTGGTGG
4,A2,B-FIP-CGTGTCATGA,TCTGGCCCAGTTCCTAGGTAGT CGTGTCATGA CCAGACGAATTCGTGGTGG
4,A3,B-FIP-CTTCGGCGTA,TCTGGCCCAGTTCCTAGGTAGT CTTCGGCGTA CCAGACGAATTCGTGGTGG
4,A4,B-FIP-TGCAAAGTTC,TCTGGCCCAGTTCCTAGGTAGT TGCAAAGTTC CCAGACGAATTCGTGGTGG
4,A5,B-FIP-ATTTGTCCGC,TCTGGCCCAGTTCCTAGGTAGT ATTTGTCCGC CCAGACGAATTCGTGGTGG
4,A6,B-FIP-CGAAAGCTCC,TCTGGCCCAGTTCCTAGGTAGT CGAAAGCTCC CCAGACGAATTCGTGGTGG
4,A7,B-FIP-CCGAGAAATT,TCTGGCCCAGTTCCTAGGTAGT CCGAGAAATT CCAGACGAATTCGTGGTGG
4,A8,B-FIP-TGAACAGCTT,TCTGGCCCAGTTCCTAGGTAGT TGAACAGCTT CCAGACGAATTCGTGGTGG
4,A9,B-FIP-TGGCAGCAAT,TCTGGCCCAGTTCCTAGGTAGT TGGCAGCAAT CCAGACGAATTCGTGGTGG
4,A10,B-FIP-GCATCTGTTA,TCTGGCCCAGTTCCTAGGTAGT GCATCTGTTA CCAGACGAATTCGTGGTGG
4,A11,B-FIP-GAGAATGCAA,TCTGGCCCAGTTCCTAGGTAGT GAGAATGCAA CCAGACGAATTCGTGGTGG
4,A12,B-FIP-TCTGCCATGC,TCTGGCCCAGTTCCTAGGTAGT TCTGCCATGC CCAGACGAATTCGTGGTGG
4,B1,B-FIP-AGTCTCAGAC,TCTGGCCCAGTTCCTAGGTAGT AGTCTCAGAC CCAGACGAATTCGTGGTGG
4,B2,B-FIP-TATGCAGATG,TCTGGCCCAGTTCCTAGGTAGT TATGCAGATG CCAGACGAATTCGTGGTGG
4,B3,B-FIP-CAAAGCTTTG,TCTGGCCCAGTTCCTAGGTAGT CAAAGCTTTG CCAGACGAATTCGTGGTGG
4,B4,B-FIP-AGCATTGTAC,TCTGGCCCAGTTCCTAGGTAGT AGCATTGTAC CCAGACGAATTCGTGGTGG
4,B5,B-FIP-CCTAGCAACT,TCTGGCCCAGTTCCTAGGTAGT CCTAGCAACT CCAGACGAATTCGTGGTGG
4,B6,B-FIP-TCCCAAATGA,TCTGGCCCAGTTCCTAGGTAGT TCCCAAATGA CCAGACGAATTCGTGGTGG
4,B7,B-FIP-AAAGTGAGAC,TCTGGCCCAGTTCCTAGGTAGT AAAGTGAGAC CCAGACGAATTCGTGGTGG
4,B8,B-FIP-ATCAGTGCAA,TCTGGCCCAGTTCCTAGGTAGT ATCAGTGCAA CCAGACGAATTCGTGGTGG
4,B9,B-FIP-AACCTCCCTC,TCTGGCCCAGTTCCTAGGTAGT AACCTCCCTC CCAGACGAATTCGTGGTGG
4,B10,B-FIP-CCGGGATTGA,TCTGGCCCAGTTCCTAGGTAGT CCGGGATTGA CCAGACGAATTCGTGGTGG
4,B11,B-FIP-ACATCCGATG,TCTGGCCCAGTTCCTAGGTAGT ACATCCGATG CCAGACGAATTCGTGGTGG
4,B12,B-FIP-AGCGCAAACT,TCTGGCCCAGTTCCTAGGTAGT AGCGCAAACT CCAGACGAATTCGTGGTGG
4,C1,B-FIP-GCTTATTGGC,TCTGGCCCAGTTCCTAGGTAGT GCTTATTGGC CCAGACGAATTCGTGGTGG
4,C2,B-FIP-GTTCGAGGAG,TCTGGCCCAGTTCCTAGGTAGT GTTCGAGGAG CCAGACGAATTCGTGGTGG
4,C3,B-FIP-AAGTCACAGA,TCTGGCCCAGTTCCTAGGTAGT AAGTCACAGA CCAGACGAATTCGTGGTGG
4,C4,B-FIP-AACCGAAGTA,TCTGGCCCAGTTCCTAGGTAGT AACCGAAGTA CCAGACGAATTCGTGGTGG
4,C5,B-FIP-CACAGCATCA,TCTGGCCCAGTTCCTAGGTAGT CACAGCATCA CCAGACGAATTCGTGGTGG
4,C6,B-FIP-AGAGCGAAAT,TCTGGCCCAGTTCCTAGGTAGT AGAGCGAAAT CCAGACGAATTCGTGGTGG
4,C7,B-FIP-AAACCACACG,TCTGGCCCAGTTCCTAGGTAGT AAACCACACG CCAGACGAATTCGTGGTGG
4,C8,B-FIP-TAAGGGAGCG,TCTGGCCCAGTTCCTAGGTAGT TAAGGGAGCG CCAGACGAATTCGTGGTGG
4,C9,B-FIP-CTTTGGATGA,TCTGGCCCAGTTCCTAGGTAGT CTTTGGATGA CCAGACGAATTCGTGGTGG
4,C10,B-FIP-GTAGACAAGT,TCTGGCCCAGTTCCTAGGTAGT GTAGACAAGT CCAGACGAATTCGTGGTGG
4,C11,B-FIP-CGGACCTAAC,TCTGGCCCAGTTCCTAGGTAGT CGGACCTAAC CCAGACGAATTCGTGGTGG
4,C12,B-FIP-CGGGATTTAT,TCTGGCCCAGTTCCTAGGTAGT CGGGATTTAT CCAGACGAATTCGTGGTGG
4,D1,B-FIP-ATTCCAGGCG,TCTGGCCCAGTTCCTAGGTAGT ATTCCAGGCG CCAGACGAATTCGTGGTGG
4,D2,B-FIP-CAATGAGAAG,TCTGGCCCAGTTCCTAGGTAGT CAATGAGAAG CCAGACGAATTCGTGGTGG
4,D3,B-FIP-TAGGTTTAGC,TCTGGCCCAGTTCCTAGGTAGT TAGGTTTAGC CCAGACGAATTCGTGGTGG
4,D4,B-FIP-AGCGTAATCC,TCTGGCCCAGTTCCTAGGTAGT AGCGTAATCC CCAGACGAATTCGTGGTGG
4,D5,B-FIP-AGGCATGCAC,TCTGGCCCAGTTCCTAGGTAGT AGGCATGCAC CCAGACGAATTCGTGGTGG
4,D6,B-FIP-GATTATGTCC,TCTGGCCCAGTTCCTAGGTAGT GATTATGTCC CCAGACGAATTCGTGGTGG
4,D7,B-FIP-TGGTCATCCA,TCTGGCCCAGTTCCTAGGTAGT TGGTCATCCA CCAGACGAATTCGTGGTGG
4,D8,B-FIP-AATATGGGAC,TCTGGCCCAGTTCCTAGGTAGT AATATGGGAC CCAGACGAATTCGTGGTGG
4,D9,B-FIP-GCTCTAAGCC,TCTGGCCCAGTTCCTAGGTAGT GCTCTAAGCC CCAGACGAATTCGTGGTGG
4,D10,B-FIP-ATCGTACACC,TCTGGCCCAGTTCCTAGGTAGT ATCGTACACC CCAGACGAATTCGTGGTGG
4,D11,B-FIP-CAGAACCTTA,TCTGGCCCAGTTCCTAGGTAGT CAGAACCTTA CCAGACGAATTCGTGGTGG
4,D12,B-FIP-ACCGCAATCA,TCTGGCCCAGTTCCTAGGTAGT ACCGCAATCA CCAGACGAATTCGTGGTGG
4,E1,B-FIP-ACCCATTAGA,TCTGGCCCAGTTCCTAGGTAGT ACCCATTAGA CCAGACGAATTCGTGGTGG
4,E2,B-FIP-CCTGCAAGAC,TCTGGCCCAGTTCCTAGGTAGT CCTGCAAGAC CCAGACGAATTCGTGGTGG
4,E3,B-FIP-AAGTAGACCG,TCTGGCCCAGTTCCTAGGTAGT AAGTAGACCG CCAGACGAATTCGTGGTGG
4,E4,B-FIP-TGTTCAACTC,TCTGGCCCAGTTCCTAGGTAGT TGTTCAACTC CCAGACGAATTCGTGGTGG
4,E5,B-FIP-AAAGGGAACT,TCTGGCCCAGTTCCTAGGTAGT AAAGGGAACT CCAGACGAATTCGTGGTGG
4,E6,B-FIP-TCCCAATCAT,TCTGGCCCAGTTCCTAGGTAGT TCCCAATCAT CCAGACGAATTCGTGGTGG
4,E7,B-FIP-GATCGATGTT,TCTGGCCCAGTTCCTAGGTAGT GATCGATGTT CCAGACGAATTCGTGGTGG
4,E8,B-FIP-GCGGTGATGA,TCTGGCCCAGTTCCTAGGTAGT GCGGTGATGA CCAGACGAATTCGTGGTGG
4,E9,B-FIP-GGCGAAGTCA,TCTGGCCCAGTTCCTAGGTAGT GGCGAAGTCA CCAGACGAATTCGTGGTGG
4,E10,B-FIP-CAAACAGCGG,TCTGGCCCAGTTCCTAGGTAGT CAAACAGCGG CCAGACGAATTCGTGGTGG
4,E11,B-FIP-AGTCGTCCTG,TCTGGCCCAGTTCCTAGGTAGT AGTCGTCCTG CCAGACGAATTCGTGGTGG
4,E12,B-FIP-GTCCACAGTG,TCTGGCCCAGTTCCTAGGTAGT GTCCACAGTG CCAGACGAATTCGTGGTGG
4,F1,B-FIP-AATCCGCAGA,TCTGGCCCAGTTCCTAGGTAGT AATCCGCAGA CCAGACGAATTCGTGGTGG
4,F2,B-FIP-TACCATCATG,TCTGGCCCAGTTCCTAGGTAGT TACCATCATG CCAGACGAATTCGTGGTGG
4,F3,B-FIP-CAACGTGCCT,TCTGGCCCAGTTCCTAGGTAGT CAACGTGCCT CCAGACGAATTCGTGGTGG
4,F4,B-FIP-TTGTCTCGGA,TCTGGCCCAGTTCCTAGGTAGT TTGTCTCGGA CCAGACGAATTCGTGGTGG
4,F5,B-FIP-GTCACTGCTA,TCTGGCCCAGTTCCTAGGTAGT GTCACTGCTA CCAGACGAATTCGTGGTGG
4,F6,B-FIP-TCAAGATGTG,TCTGGCCCAGTTCCTAGGTAGT TCAAGATGTG CCAGACGAATTCGTGGTGG
4,F7,B-FIP-AGACTGCTAG,TCTGGCCCAGTTCCTAGGTAGT AGACTGCTAG CCAGACGAATTCGTGGTGG
4,F8,B-FIP-ATGACAAGGT,TCTGGCCCAGTTCCTAGGTAGT ATGACAAGGT CCAGACGAATTCGTGGTGG
4,F9,B-FIP-TAGCCTTGTC,TCTGGCCCAGTTCCTAGGTAGT TAGCCTTGTC CCAGACGAATTCGTGGTGG
4,F10,B-FIP-ACTGTGTTTC,TCTGGCCCAGTTCCTAGGTAGT ACTGTGTTTC CCAGACGAATTCGTGGTGG
4,F11,B-FIP-CTGATTCTAC,TCTGGCCCAGTTCCTAGGTAGT CTGATTCTAC CCAGACGAATTCGTGGTGG
4,F12,B-FIP-CAGTCACCCT,TCTGGCCCAGTTCCTAGGTAGT CAGTCACCCT CCAGACGAATTCGTGGTGG
4,G1,B-FIP-ATGCAGCAAA,TCTGGCCCAGTTCCTAGGTAGT ATGCAGCAAA CCAGACGAATTCGTGGTGG
4,G2,B-FIP-AAGTGGAACA,TCTGGCCCAGTTCCTAGGTAGT AAGTGGAACA CCAGACGAATTCGTGGTGG
4,G3,B-FIP-GGTGTACAAT,TCTGGCCCAGTTCCTAGGTAGT GGTGTACAAT CCAGACGAATTCGTGGTGG
4,G4,B-FIP-TCGTGTTTGA,TCTGGCCCAGTTCCTAGGTAGT TCGTGTTTGA CCAGACGAATTCGTGGTGG
4,G5,B-FIP-CAACCAGTTA,TCTGGCCCAGTTCCTAGGTAGT CAACCAGTTA CCAGACGAATTCGTGGTGG
4,G6,B-FIP-ACGAAATCTG,TCTGGCCCAGTTCCTAGGTAGT ACGAAATCTG CCAGACGAATTCGTGGTGG
4,G7,B-FIP-TAGTGCATTG,TCTGGCCCAGTTCCTAGGTAGT TAGTGCATTG CCAGACGAATTCGTGGTGG
4,G8,B-FIP-TGGATCGGTT,TCTGGCCCAGTTCCTAGGTAGT TGGATCGGTT CCAGACGAATTCGTGGTGG
4,G9,B-FIP-ATAACATCCG,TCTGGCCCAGTTCCTAGGTAGT ATAACATCCG CCAGACGAATTCGTGGTGG
4,G10,B-FIP-TTCTATGGAG,TCTGGCCCAGTTCCTAGGTAGT TTCTATGGAG CCAGACGAATTCGTGGTGG
4,G11,B-FIP-CGTTGCCTAC,TCTGGCCCAGTTCCTAGGTAGT CGTTGCCTAC CCAGACGAATTCGTGGTGG
4,G12,B-FIP-CTCTCAACAT,TCTGGCCCAGTTCCTAGGTAGT CTCTCAACAT CCAGACGAATTCGTGGTGG
4,H1,B-FIP-TCTCTGACCT,TCTGGCCCAGTTCCTAGGTAGT TCTCTGACCT CCAGACGAATTCGTGGTGG
4,H2,B-FIP-TCCAATGGTA,TCTGGCCCAGTTCCTAGGTAGT TCCAATGGTA CCAGACGAATTCGTGGTGG
4,H3,B-FIP-GTGCGGTGTA,TCTGGCCCAGTTCCTAGGTAGT GTGCGGTGTA CCAGACGAATTCGTGGTGG
4,H4,B-FIP-AATGACACAG,TCTGGCCCAGTTCCTAGGTAGT AATGACACAG CCAGACGAATTCGTGGTGG
4,H5,B-FIP-ACCGAGCGAA,TCTGGCCCAGTTCCTAGGTAGT ACCGAGCGAA CCAGACGAATTCGTGGTGG
4,H6,B-FIP-CTCAAACTGT,TCTGGCCCAGTTCCTAGGTAGT CTCAAACTGT CCAGACGAATTCGTGGTGG
4,H7,B-FIP-CCATGTTATC,TCTGGCCCAGTTCCTAGGTAGT CCATGTTATC CCAGACGAATTCGTGGTGG
4,H8,B-FIP-AAAGACAGGA,TCTGGCCCAGTTCCTAGGTAGT AAAGACAGGA CCAGACGAATTCGTGGTGG
4,H9,B-FIP-GACGTCAGCA,TCTGGCCCAGTTCCTAGGTAGT GACGTCAGCA CCAGACGAATTCGTGGTGG
4,H10,B-FIP-TCCTATATGC,TCTGGCCCAGTTCCTAGGTAGT TCCTATATGC CCAGACGAATTCGTGGTGG
4,H11,B-FIP-TCCCGTGAGA,TCTGGCCCAGTTCCTAGGTAGT TCCCGTGAGA CCAGACGAATTCGTGGTGG
4,H12,B-FIP-ACTGGGAATC,TCTGGCCCAGTTCCTAGGTAGT ACTGGGAATC CCAGACGAATTCGTGGTGG
5,A1,B-FIP-ACCCATGGAC,TCTGGCCCAGTTCCTAGGTAGT ACCCATGGAC CCAGACGAATTCGTGGTGG
5,A2,B-FIP-TACAGCAGCG,TCTGGCCCAGTTCCTAGGTAGT TACAGCAGCG CCAGACGAATTCGTGGTGG
5,A3,B-FIP-CGTCGTTACC,TCTGGCCCAGTTCCTAGGTAGT CGTCGTTACC CCAGACGAATTCGTGGTGG
5,A4,B-FIP-CCGATGTCAG,TCTGGCCCAGTTCCTAGGTAGT CCGATGTCAG CCAGACGAATTCGTGGTGG
5,A5,B-FIP-TCCTCCACGA,TCTGGCCCAGTTCCTAGGTAGT TCCTCCACGA CCAGACGAATTCGTGGTGG
5,A6,B-FIP-GTACGGCTAG,TCTGGCCCAGTTCCTAGGTAGT GTACGGCTAG CCAGACGAATTCGTGGTGG
5,A7,B-FIP-GGACAGTTAA,TCTGGCCCAGTTCCTAGGTAGT GGACAGTTAA CCAGACGAATTCGTGGTGG
5,A8,B-FIP-TGTGCGATAA,TCTGGCCCAGTTCCTAGGTAGT TGTGCGATAA CCAGACGAATTCGTGGTGG
5,A9,B-FIP-AATAAAGGCC,TCTGGCCCAGTTCCTAGGTAGT AATAAAGGCC CCAGACGAATTCGTGGTGG
5,A10,B-FIP-TCTCATGCAG,TCTGGCCCAGTTCCTAGGTAGT TCTCATGCAG CCAGACGAATTCGTGGTGG
5,A11,B-FIP-ATCCTCTGAC,TCTGGCCCAGTTCCTAGGTAGT ATCCTCTGAC CCAGACGAATTCGTGGTGG
5,A12,B-FIP-CACGAGTTAG,TCTGGCCCAGTTCCTAGGTAGT CACGAGTTAG CCAGACGAATTCGTGGTGG
5,B1,B-FIP-GTCAGCCAGA,TCTGGCCCAGTTCCTAGGTAGT GTCAGCCAGA CCAGACGAATTCGTGGTGG
5,B2,B-FIP-AGCATTCGTG,TCTGGCCCAGTTCCTAGGTAGT AGCATTCGTG CCAGACGAATTCGTGGTGG
5,B3,B-FIP-TCCGTGATAT,TCTGGCCCAGTTCCTAGGTAGT TCCGTGATAT CCAGACGAATTCGTGGTGG
5,B4,B-FIP-TTCTCCTACA,TCTGGCCCAGTTCCTAGGTAGT TTCTCCTACA CCAGACGAATTCGTGGTGG
5,B5,B-FIP-CCATTGTAGT,TCTGGCCCAGTTCCTAGGTAGT CCATTGTAGT CCAGACGAATTCGTGGTGG
5,B6,B-FIP-AACTGAACTG,TCTGGCCCAGTTCCTAGGTAGT AACTGAACTG CCAGACGAATTCGTGGTGG
5,B7,B-FIP-TTCGCCAGTT,TCTGGCCCAGTTCCTAGGTAGT TTCGCCAGTT CCAGACGAATTCGTGGTGG
5,B8,B-FIP-TCGTCAGGAG,TCTGGCCCAGTTCCTAGGTAGT TCGTCAGGAG CCAGACGAATTCGTGGTGG
5,B9,B-FIP-GGCTCCTACT,TCTGGCCCAGTTCCTAGGTAGT GGCTCCTACT CCAGACGAATTCGTGGTGG
5,B10,B-FIP-GGTTGTTGTA,TCTGGCCCAGTTCCTAGGTAGT GGTTGTTGTA CCAGACGAATTCGTGGTGG
5,B11,B-FIP-TCAGACACGG,TCTGGCCCAGTTCCTAGGTAGT TCAGACACGG CCAGACGAATTCGTGGTGG
5,B12,B-FIP-CTATATGGGA,TCTGGCCCAGTTCCTAGGTAGT CTATATGGGA CCAGACGAATTCGTGGTGG
5,C1,B-FIP-ACCACCTCAA,TCTGGCCCAGTTCCTAGGTAGT ACCACCTCAA CCAGACGAATTCGTGGTGG
5,C2,B-FIP-GGTTCATTAG,TCTGGCCCAGTTCCTAGGTAGT GGTTCATTAG CCAGACGAATTCGTGGTGG
5,C3,B-FIP-TAGTGTGATG,TCTGGCCCAGTTCCTAGGTAGT TAGTGTGATG CCAGACGAATTCGTGGTGG
5,C4,B-FIP-CCACAGTAGC,TCTGGCCCAGTTCCTAGGTAGT CCACAGTAGC CCAGACGAATTCGTGGTGG
5,C5,B-FIP-ACCACTACGA,TCTGGCCCAGTTCCTAGGTAGT ACCACTACGA CCAGACGAATTCGTGGTGG
5,C6,B-FIP-GCTTTCGCCA,TCTGGCCCAGTTCCTAGGTAGT GCTTTCGCCA CCAGACGAATTCGTGGTGG
5,C7,B-FIP-GGAACTATTC,TCTGGCCCAGTTCCTAGGTAGT GGAACTATTC CCAGACGAATTCGTGGTGG
5,C8,B-FIP-CCTCCTTTCC,TCTGGCCCAGTTCCTAGGTAGT CCTCCTTTCC CCAGACGAATTCGTGGTGG
5,C9,B-FIP-CCTGGAATAG,TCTGGCCCAGTTCCTAGGTAGT CCTGGAATAG CCAGACGAATTCGTGGTGG
5,C10,B-FIP-TCGCGTTACT,TCTGGCCCAGTTCCTAGGTAGT TCGCGTTACT CCAGACGAATTCGTGGTGG
5,C11,B-FIP-AACTGCTACT,TCTGGCCCAGTTCCTAGGTAGT AACTGCTACT CCAGACGAATTCGTGGTGG
5,C12,B-FIP-GCATAAATGG,TCTGGCCCAGTTCCTAGGTAGT GCATAAATGG CCAGACGAATTCGTGGTGG
5,D1,B-FIP-CCCATCGGAT,TCTGGCCCAGTTCCTAGGTAGT CCCATCGGAT CCAGACGAATTCGTGGTGG
5,D2,B-FIP-GAATCGTACT,TCTGGCCCAGTTCCTAGGTAGT GAATCGTACT CCAGACGAATTCGTGGTGG
5,D3,B-FIP-AGAATAGCAC,TCTGGCCCAGTTCCTAGGTAGT AGAATAGCAC CCAGACGAATTCGTGGTGG
5,D4,B-FIP-GGTTACAAGC,TCTGGCCCAGTTCCTAGGTAGT GGTTACAAGC CCAGACGAATTCGTGGTGG
5,D5,B-FIP-TCACGCGATA,TCTGGCCCAGTTCCTAGGTAGT TCACGCGATA CCAGACGAATTCGTGGTGG
5,D6,B-FIP-TAAACGTAGG,TCTGGCCCAGTTCCTAGGTAGT TAAACGTAGG CCAGACGAATTCGTGGTGG
5,D7,B-FIP-AAGTCGGAAG,TCTGGCCCAGTTCCTAGGTAGT AAGTCGGAAG CCAGACGAATTCGTGGTGG
5,D8,B-FIP-AATCCGGAAT,TCTGGCCCAGTTCCTAGGTAGT AATCCGGAAT CCAGACGAATTCGTGGTGG
5,D9,B-FIP-ATAGCGCTAA,TCTGGCCCAGTTCCTAGGTAGT ATAGCGCTAA CCAGACGAATTCGTGGTGG
5,D10,B-FIP-ATCGTCCCAT,TCTGGCCCAGTTCCTAGGTAGT ATCGTCCCAT CCAGACGAATTCGTGGTGG
5,D11,B-FIP-CTGTTGACGA,TCTGGCCCAGTTCCTAGGTAGT CTGTTGACGA CCAGACGAATTCGTGGTGG
5,D12,B-FIP-CATCGCCAGA,TCTGGCCCAGTTCCTAGGTAGT CATCGCCAGA CCAGACGAATTCGTGGTGG
5,E1,B-FIP-GCGTGGCAAT,TCTGGCCCAGTTCCTAGGTAGT GCGTGGCAAT CCAGACGAATTCGTGGTGG
5,E2,B-FIP-CTAACAGGCG,TCTGGCCCAGTTCCTAGGTAGT CTAACAGGCG CCAGACGAATTCGTGGTGG
5,E3,B-FIP-AGTTGGCAAA,TCTGGCCCAGTTCCTAGGTAGT AGTTGGCAAA CCAGACGAATTCGTGGTGG
5,E4,B-FIP-GACAGAAACT,TCTGGCCCAGTTCCTAGGTAGT GACAGAAACT CCAGACGAATTCGTGGTGG
5,E5,B-FIP-ATCCGGCATG,TCTGGCCCAGTTCCTAGGTAGT ATCCGGCATG CCAGACGAATTCGTGGTGG
5,E6,B-FIP-CTACAACTAC,TCTGGCCCAGTTCCTAGGTAGT CTACAACTAC CCAGACGAATTCGTGGTGG
5,E7,B-FIP-GCTGTCATAG,TCTGGCCCAGTTCCTAGGTAGT GCTGTCATAG CCAGACGAATTCGTGGTGG
5,E8,B-FIP-TTGACTCTTG,TCTGGCCCAGTTCCTAGGTAGT TTGACTCTTG CCAGACGAATTCGTGGTGG
5,E9,B-FIP-GGTACTCACG,TCTGGCCCAGTTCCTAGGTAGT GGTACTCACG CCAGACGAATTCGTGGTGG
5,E10,B-FIP-ACAGAAGCCG,TCTGGCCCAGTTCCTAGGTAGT ACAGAAGCCG CCAGACGAATTCGTGGTGG
5,E11,B-FIP-CAACGCTATT,TCTGGCCCAGTTCCTAGGTAGT CAACGCTATT CCAGACGAATTCGTGGTGG
5,E12,B-FIP-AAGAACGATG,TCTGGCCCAGTTCCTAGGTAGT AAGAACGATG CCAGACGAATTCGTGGTGG
5,F1,B-FIP-AGGAGGGATG,TCTGGCCCAGTTCCTAGGTAGT AGGAGGGATG CCAGACGAATTCGTGGTGG
5,F2,B-FIP-CAGCACTACC,TCTGGCCCAGTTCCTAGGTAGT CAGCACTACC CCAGACGAATTCGTGGTGG
5,F3,B-FIP-ACCAATTGAG,TCTGGCCCAGTTCCTAGGTAGT ACCAATTGAG CCAGACGAATTCGTGGTGG
5,F4,B-FIP-GACCTGGCTT,TCTGGCCCAGTTCCTAGGTAGT GACCTGGCTT CCAGACGAATTCGTGGTGG
5,F5,B-FIP-CAGTCTACTT,TCTGGCCCAGTTCCTAGGTAGT CAGTCTACTT CCAGACGAATTCGTGGTGG
5,F6,B-FIP-AGGAGACGGA,TCTGGCCCAGTTCCTAGGTAGT AGGAGACGGA CCAGACGAATTCGTGGTGG
5,F7,B-FIP-CCATTACGCT,TCTGGCCCAGTTCCTAGGTAGT CCATTACGCT CCAGACGAATTCGTGGTGG
5,F8,B-FIP-TTCCGAACCA,TCTGGCCCAGTTCCTAGGTAGT TTCCGAACCA CCAGACGAATTCGTGGTGG
5,F9,B-FIP-CCTCTTGTAA,TCTGGCCCAGTTCCTAGGTAGT CCTCTTGTAA CCAGACGAATTCGTGGTGG
5,F10,B-FIP-CACACGTATC,TCTGGCCCAGTTCCTAGGTAGT CACACGTATC CCAGACGAATTCGTGGTGG
5,F11,B-FIP-AAGGCGAAGG,TCTGGCCCAGTTCCTAGGTAGT AAGGCGAAGG CCAGACGAATTCGTGGTGG
5,F12,B-FIP-AGTCGTAGCC,TCTGGCCCAGTTCCTAGGTAGT AGTCGTAGCC CCAGACGAATTCGTGGTGG
5,G1,B-FIP-CACAGATCTT,TCTGGCCCAGTTCCTAGGTAGT CACAGATCTT CCAGACGAATTCGTGGTGG
5,G2,B-FIP-GGCGATGACT,TCTGGCCCAGTTCCTAGGTAGT GGCGATGACT CCAGACGAATTCGTGGTGG
5,G3,B-FIP-AACCCGTGCT,TCTGGCCCAGTTCCTAGGTAGT AACCCGTGCT CCAGACGAATTCGTGGTGG
5,G4,B-FIP-ACCGTTTCGG,TCTGGCCCAGTTCCTAGGTAGT ACCGTTTCGG CCAGACGAATTCGTGGTGG
5,G5,B-FIP-ACCCAATAAC,TCTGGCCCAGTTCCTAGGTAGT ACCCAATAAC CCAGACGAATTCGTGGTGG
5,G6,B-FIP-TTACGCCAAT,TCTGGCCCAGTTCCTAGGTAGT TTACGCCAAT CCAGACGAATTCGTGGTGG
5,G7,B-FIP-GGATGCTGGT,TCTGGCCCAGTTCCTAGGTAGT GGATGCTGGT CCAGACGAATTCGTGGTGG
5,G8,B-FIP-CGAAGTCGTC,TCTGGCCCAGTTCCTAGGTAGT CGAAGTCGTC CCAGACGAATTCGTGGTGG
5,G9,B-FIP-GCTAATCAAC,TCTGGCCCAGTTCCTAGGTAGT GCTAATCAAC CCAGACGAATTCGTGGTGG
5,G10,B-FIP-AGGATTTGAG,TCTGGCCCAGTTCCTAGGTAGT AGGATTTGAG CCAGACGAATTCGTGGTGG
5,G11,B-FIP-GCGAGTACGA,TCTGGCCCAGTTCCTAGGTAGT GCGAGTACGA CCAGACGAATTCGTGGTGG
5,G12,B-FIP-AGTTGTACAC,TCTGGCCCAGTTCCTAGGTAGT AGTTGTACAC CCAGACGAATTCGTGGTGG
5,H1,B-FIP-AAACCGACAA,TCTGGCCCAGTTCCTAGGTAGT AAACCGACAA CCAGACGAATTCGTGGTGG
5,H2,B-FIP-TTCACCAGAG,TCTGGCCCAGTTCCTAGGTAGT TTCACCAGAG CCAGACGAATTCGTGGTGG
5,H3,B-FIP-GGCTAGTCAA,TCTGGCCCAGTTCCTAGGTAGT GGCTAGTCAA CCAGACGAATTCGTGGTGG
5,H4,B-FIP-TTAAAGGACG,TCTGGCCCAGTTCCTAGGTAGT TTAAAGGACG CCAGACGAATTCGTGGTGG
5,H5,B-FIP-ACCTTCAAGG,TCTGGCCCAGTTCCTAGGTAGT ACCTTCAAGG CCAGACGAATTCGTGGTGG
5,H6,B-FIP-ATATGTGGCT,TCTGGCCCAGTTCCTAGGTAGT ATATGTGGCT CCAGACGAATTCGTGGTGG
5,H7,B-FIP-TAGTCCACCA,TCTGGCCCAGTTCCTAGGTAGT TAGTCCACCA CCAGACGAATTCGTGGTGG
5,H8,B-FIP-CCATAATGTG,TCTGGCCCAGTTCCTAGGTAGT CCATAATGTG CCAGACGAATTCGTGGTGG
5,H9,B-FIP-GGGTACATCC,TCTGGCCCAGTTCCTAGGTAGT GGGTACATCC CCAGACGAATTCGTGGTGG
5,H10,B-FIP-AGAATCAGGG,TCTGGCCCAGTTCCTAGGTAGT AGAATCAGGG CCAGACGAATTCGTGGTGG
5,H11,B-FIP-TGCGAGTACT,TCTGGCCCAGTTCCTAGGTAGT TGCGAGTACT CCAGACGAATTCGTGGTGG
5,H12,B-FIP-TGCTTCCCTG,TCTGGCCCAGTTCCTAGGTAGT TGCTTCCCTG CCAGACGAATTCGTGGTGG
6,A1,B-FIP-CAAGTCCGGT,TCTGGCCCAGTTCCTAGGTAGT CAAGTCCGGT CCAGACGAATTCGTGGTGG
6,A2,B-FIP-CTTGTAAGTG,TCTGGCCCAGTTCCTAGGTAGT CTTGTAAGTG CCAGACGAATTCGTGGTGG
6,A3,B-FIP-TTTCATCTGG,TCTGGCCCAGTTCCTAGGTAGT TTTCATCTGG CCAGACGAATTCGTGGTGG
6,A4,B-FIP-TACCATAAGC,TCTGGCCCAGTTCCTAGGTAGT TACCATAAGC CCAGACGAATTCGTGGTGG
6,A5,B-FIP-CAAACTCACT,TCTGGCCCAGTTCCTAGGTAGT CAAACTCACT CCAGACGAATTCGTGGTGG
6,A6,B-FIP-AGGTGCTTCT,TCTGGCCCAGTTCCTAGGTAGT AGGTGCTTCT CCAGACGAATTCGTGGTGG
6,A7,B-FIP-GTTAGACGTA,TCTGGCCCAGTTCCTAGGTAGT GTTAGACGTA CCAGACGAATTCGTGGTGG
6,A8,B-FIP-ATCCAACCTT,TCTGGCCCAGTTCCTAGGTAGT ATCCAACCTT CCAGACGAATTCGTGGTGG
6,A9,B-FIP-TGAAACCCGG,TCTGGCCCAGTTCCTAGGTAGT TGAAACCCGG CCAGACGAATTCGTGGTGG
6,A10,B-FIP-CACAATATCC,TCTGGCCCAGTTCCTAGGTAGT CACAATATCC CCAGACGAATTCGTGGTGG
6,A11,B-FIP-CAACCTTCTG,TCTGGCCCAGTTCCTAGGTAGT CAACCTTCTG CCAGACGAATTCGTGGTGG
6,A12,B-FIP-ACATGGAGAT,TCTGGCCCAGTTCCTAGGTAGT ACATGGAGAT CCAGACGAATTCGTGGTGG
6,B1,B-FIP-AACATGCCCG,TCTGGCCCAGTTCCTAGGTAGT AACATGCCCG CCAGACGAATTCGTGGTGG
6,B2,B-FIP-TGTAATGTCG,TCTGGCCCAGTTCCTAGGTAGT TGTAATGTCG CCAGACGAATTCGTGGTGG
6,B3,B-FIP-TACCAACCAG,TCTGGCCCAGTTCCTAGGTAGT TACCAACCAG CCAGACGAATTCGTGGTGG
6,B4,B-FIP-AGAGTGACTT,TCTGGCCCAGTTCCTAGGTAGT AGAGTGACTT CCAGACGAATTCGTGGTGG
6,B5,B-FIP-TGCACAGTAT,TCTGGCCCAGTTCCTAGGTAGT TGCACAGTAT CCAGACGAATTCGTGGTGG
6,B6,B-FIP-TATGTGGATC,TCTGGCCCAGTTCCTAGGTAGT TATGTGGATC CCAGACGAATTCGTGGTGG
6,B7,B-FIP-TCACTAGGTT,TCTGGCCCAGTTCCTAGGTAGT TCACTAGGTT CCAGACGAATTCGTGGTGG
6,B8,B-FIP-GTCTCCTCGA,TCTGGCCCAGTTCCTAGGTAGT GTCTCCTCGA CCAGACGAATTCGTGGTGG
6,B9,B-FIP-ACTCCTTGAT,TCTGGCCCAGTTCCTAGGTAGT ACTCCTTGAT CCAGACGAATTCGTGGTGG
6,B10,B-FIP-AACCAGGTAA,TCTGGCCCAGTTCCTAGGTAGT AACCAGGTAA CCAGACGAATTCGTGGTGG
6,B11,B-FIP-TTGACTACGT,TCTGGCCCAGTTCCTAGGTAGT TTGACTACGT CCAGACGAATTCGTGGTGG
6,B12,B-FIP-GATCGGTCCA,TCTGGCCCAGTTCCTAGGTAGT GATCGGTCCA CCAGACGAATTCGTGGTGG
6,C1,B-FIP-ACGGTCTTCA,TCTGGCCCAGTTCCTAGGTAGT ACGGTCTTCA CCAGACGAATTCGTGGTGG
6,C2,B-FIP-GGTATTTCAG,TCTGGCCCAGTTCCTAGGTAGT GGTATTTCAG CCAGACGAATTCGTGGTGG
6,C3,B-FIP-GCCTAAGAAA,TCTGGCCCAGTTCCTAGGTAGT GCCTAAGAAA CCAGACGAATTCGTGGTGG
6,C4,B-FIP-GCACACCAAA,TCTGGCCCAGTTCCTAGGTAGT GCACACCAAA CCAGACGAATTCGTGGTGG
6,C5,B-FIP-GTGACTGTGG,TCTGGCCCAGTTCCTAGGTAGT GTGACTGTGG CCAGACGAATTCGTGGTGG
6,C6,B-FIP-TGTTTCGGAC,TCTGGCCCAGTTCCTAGGTAGT TGTTTCGGAC CCAGACGAATTCGTGGTGG
6,C7,B-FIP-CAAGTGCAAC,TCTGGCCCAGTTCCTAGGTAGT CAAGTGCAAC CCAGACGAATTCGTGGTGG
6,C8,B-FIP-GGCATGATCG,TCTGGCCCAGTTCCTAGGTAGT GGCATGATCG CCAGACGAATTCGTGGTGG
6,C9,B-FIP-CAAGCATGAG,TCTGGCCCAGTTCCTAGGTAGT CAAGCATGAG CCAGACGAATTCGTGGTGG
6,C10,B-FIP-CTGTAGAAGT,TCTGGCCCAGTTCCTAGGTAGT CTGTAGAAGT CCAGACGAATTCGTGGTGG
6,C11,B-FIP-TGGTTGACCG,TCTGGCCCAGTTCCTAGGTAGT TGGTTGACCG CCAGACGAATTCGTGGTGG
6,C12,B-FIP-ACGATGGTTA,TCTGGCCCAGTTCCTAGGTAGT ACGATGGTTA CCAGACGAATTCGTGGTGG
6,D1,B-FIP-CGAAGAGAAT,TCTGGCCCAGTTCCTAGGTAGT CGAAGAGAAT CCAGACGAATTCGTGGTGG
6,D2,B-FIP-TCACGAGTTC,TCTGGCCCAGTTCCTAGGTAGT TCACGAGTTC CCAGACGAATTCGTGGTGG
6,D3,B-FIP-CGTCCCTGTA,TCTGGCCCAGTTCCTAGGTAGT CGTCCCTGTA CCAGACGAATTCGTGGTGG
6,D4,B-FIP-ATCCAGAAAG,TCTGGCCCAGTTCCTAGGTAGT ATCCAGAAAG CCAGACGAATTCGTGGTGG
6,D5,B-FIP-ACCAGCATAT,TCTGGCCCAGTTCCTAGGTAGT ACCAGCATAT CCAGACGAATTCGTGGTGG
6,D6,B-FIP-AGTGAAGCGA,TCTGGCCCAGTTCCTAGGTAGT AGTGAAGCGA CCAGACGAATTCGTGGTGG
6,D7,B-FIP-AGCTGTAAAG,TCTGGCCCAGTTCCTAGGTAGT AGCTGTAAAG CCAGACGAATTCGTGGTGG
6,D8,B-FIP-GGCCCGTATT,TCTGGCCCAGTTCCTAGGTAGT GGCCCGTATT CCAGACGAATTCGTGGTGG
6,D9,B-FIP-GGAAGTTCTC,TCTGGCCCAGTTCCTAGGTAGT GGAAGTTCTC CCAGACGAATTCGTGGTGG
6,D10,B-FIP-TGAAACACTC,TCTGGCCCAGTTCCTAGGTAGT TGAAACACTC CCAGACGAATTCGTGGTGG
6,D11,B-FIP-ACAAAGAACC,TCTGGCCCAGTTCCTAGGTAGT ACAAAGAACC CCAGACGAATTCGTGGTGG
6,D12,B-FIP-AGAGATATCG,TCTGGCCCAGTTCCTAGGTAGT AGAGATATCG CCAGACGAATTCGTGGTGG
6,E1,B-FIP-TTCACGTATG,TCTGGCCCAGTTCCTAGGTAGT TTCACGTATG CCAGACGAATTCGTGGTGG
6,E2,B-FIP-CAAGCAAACT,TCTGGCCCAGTTCCTAGGTAGT CAAGCAAACT CCAGACGAATTCGTGGTGG
6,E3,B-FIP-AAATCGGCGT,TCTGGCCCAGTTCCTAGGTAGT AAATCGGCGT CCAGACGAATTCGTGGTGG
6,E4,B-FIP-CCCAAGAGAA,TCTGGCCCAGTTCCTAGGTAGT CCCAAGAGAA CCAGACGAATTCGTGGTGG
6,E5,B-FIP-ACGGTAAACC,TCTGGCCCAGTTCCTAGGTAGT ACGGTAAACC CCAGACGAATTCGTGGTGG
6,E6,B-FIP-TCTTCTGGGT,TCTGGCCCAGTTCCTAGGTAGT TCTTCTGGGT CCAGACGAATTCGTGGTGG
6,E7,B-FIP-AACCCGTTAC,TCTGGCCCAGTTCCTAGGTAGT AACCCGTTAC CCAGACGAATTCGTGGTGG
6,E8,B-FIP-CCTTAACAAC,TCTGGCCCAGTTCCTAGGTAGT CCTTAACAAC CCAGACGAATTCGTGGTGG
6,E9,B-FIP-GCTATATCGC,TCTGGCCCAGTTCCTAGGTAGT GCTATATCGC CCAGACGAATTCGTGGTGG
6,E10,B-FIP-TTTGGCTATG,TCTGGCCCAGTTCCTAGGTAGT TTTGGCTATG CCAGACGAATTCGTGGTGG
6,E11,B-FIP-TGAGAGACGT,TCTGGCCCAGTTCCTAGGTAGT TGAGAGACGT CCAGACGAATTCGTGGTGG
6,E12,B-FIP-TTTGGATTGG,TCTGGCCCAGTTCCTAGGTAGT TTTGGATTGG CCAGACGAATTCGTGGTGG
6,F1,B-FIP-CGTGGTTGTG,TCTGGCCCAGTTCCTAGGTAGT CGTGGTTGTG CCAGACGAATTCGTGGTGG
6,F2,B-FIP-TGTCACAACC,TCTGGCCCAGTTCCTAGGTAGT TGTCACAACC CCAGACGAATTCGTGGTGG
6,F3,B-FIP-TCGGAAACGC,TCTGGCCCAGTTCCTAGGTAGT TCGGAAACGC CCAGACGAATTCGTGGTGG
6,F4,B-FIP-AACAACGGCG,TCTGGCCCAGTTCCTAGGTAGT AACAACGGCG CCAGACGAATTCGTGGTGG
6,F5,B-FIP-CTGTTGCGTG,TCTGGCCCAGTTCCTAGGTAGT CTGTTGCGTG CCAGACGAATTCGTGGTGG
6,F6,B-FIP-TACGTTCTTG,TCTGGCCCAGTTCCTAGGTAGT TACGTTCTTG CCAGACGAATTCGTGGTGG
6,F7,B-FIP-ACTTACGGCT,TCTGGCCCAGTTCCTAGGTAGT ACTTACGGCT CCAGACGAATTCGTGGTGG
6,F8,B-FIP-AGTACAGTTG,TCTGGCCCAGTTCCTAGGTAGT AGTACAGTTG CCAGACGAATTCGTGGTGG
6,F9,B-FIP-GTTCCAAACA,TCTGGCCCAGTTCCTAGGTAGT GTTCCAAACA CCAGACGAATTCGTGGTGG
6,F10,B-FIP-AGACGCAGAT,TCTGGCCCAGTTCCTAGGTAGT AGACGCAGAT CCAGACGAATTCGTGGTGG
6,F11,B-FIP-TGCAGTATGT,TCTGGCCCAGTTCCTAGGTAGT TGCAGTATGT CCAGACGAATTCGTGGTGG
6,F12,B-FIP-CGCTAACCGA,TCTGGCCCAGTTCCTAGGTAGT CGCTAACCGA CCAGACGAATTCGTGGTGG
6,G1,B-FIP-TCATGTCTAG,TCTGGCCCAGTTCCTAGGTAGT TCATGTCTAG CCAGACGAATTCGTGGTGG
6,G2,B-FIP-TGATCCTAGT,TCTGGCCCAGTTCCTAGGTAGT TGATCCTAGT CCAGACGAATTCGTGGTGG
6,G3,B-FIP-TGCGTCCAAG,TCTGGCCCAGTTCCTAGGTAGT TGCGTCCAAG CCAGACGAATTCGTGGTGG
6,G4,B-FIP-GTCTGTGTTC,TCTGGCCCAGTTCCTAGGTAGT GTCTGTGTTC CCAGACGAATTCGTGGTGG
6,G5,B-FIP-TCCTCACGGT,TCTGGCCCAGTTCCTAGGTAGT TCCTCACGGT CCAGACGAATTCGTGGTGG
6,G6,B-FIP-CGACAAACAT,TCTGGCCCAGTTCCTAGGTAGT CGACAAACAT CCAGACGAATTCGTGGTGG
6,G7,B-FIP-TAATGAGCTG,TCTGGCCCAGTTCCTAGGTAGT TAATGAGCTG CCAGACGAATTCGTGGTGG
6,G8,B-FIP-AAGATCTGCT,TCTGGCCCAGTTCCTAGGTAGT AAGATCTGCT CCAGACGAATTCGTGGTGG
6,G9,B-FIP-ATCTCCAGAT,TCTGGCCCAGTTCCTAGGTAGT ATCTCCAGAT CCAGACGAATTCGTGGTGG
6,G10,B-FIP-CTGATAAACC,TCTGGCCCAGTTCCTAGGTAGT CTGATAAACC CCAGACGAATTCGTGGTGG
6,G11,B-FIP-ACGACCCTTA,TCTGGCCCAGTTCCTAGGTAGT ACGACCCTTA CCAGACGAATTCGTGGTGG
6,G12,B-FIP-ATATAGCCTC,TCTGGCCCAGTTCCTAGGTAGT ATATAGCCTC CCAGACGAATTCGTGGTGG
6,H1,B-FIP-AGTAGTGCAG,TCTGGCCCAGTTCCTAGGTAGT AGTAGTGCAG CCAGACGAATTCGTGGTGG
6,H2,B-FIP-TGCCCTTACA,TCTGGCCCAGTTCCTAGGTAGT TGCCCTTACA CCAGACGAATTCGTGGTGG
6,H3,B-FIP-ACCGAACATT,TCTGGCCCAGTTCCTAGGTAGT ACCGAACATT CCAGACGAATTCGTGGTGG
6,H4,B-FIP-CGTATGTTCG,TCTGGCCCAGTTCCTAGGTAGT CGTATGTTCG CCAGACGAATTCGTGGTGG
6,H5,B-FIP-TCCAAGTAGA,TCTGGCCCAGTTCCTAGGTAGT TCCAAGTAGA CCAGACGAATTCGTGGTGG
6,H6,B-FIP-GTCACGATAG,TCTGGCCCAGTTCCTAGGTAGT GTCACGATAG CCAGACGAATTCGTGGTGG
6,H7,B-FIP-AGGTCTCGCT,TCTGGCCCAGTTCCTAGGTAGT AGGTCTCGCT CCAGACGAATTCGTGGTGG
6,H8,B-FIP-TTGGCACCGT,TCTGGCCCAGTTCCTAGGTAGT TTGGCACCGT CCAGACGAATTCGTGGTGG
6,H9,B-FIP-TTTCCCGAAA,TCTGGCCCAGTTCCTAGGTAGT TTTCCCGAAA CCAGACGAATTCGTGGTGG
6,H10,B-FIP-TCTCATTGGT,TCTGGCCCAGTTCCTAGGTAGT TCTCATTGGT CCAGACGAATTCGTGGTGG
6,H11,B-FIP-CTCCATACAG,TCTGGCCCAGTTCCTAGGTAGT CTCCATACAG CCAGACGAATTCGTGGTGG
6,H12,B-FIP-CCAACGAAGT,TCTGGCCCAGTTCCTAGGTAGT CCAACGAAGT CCAGACGAATTCGTGGTGG
7,A1,B-FIP-CTCCCAGGAT,TCTGGCCCAGTTCCTAGGTAGT CTCCCAGGAT CCAGACGAATTCGTGGTGG
7,A2,B-FIP-CAGAAACAGG,TCTGGCCCAGTTCCTAGGTAGT CAGAAACAGG CCAGACGAATTCGTGGTGG
7,A3,B-FIP-GGTGTGTTAG,TCTGGCCCAGTTCCTAGGTAGT GGTGTGTTAG CCAGACGAATTCGTGGTGG
7,A4,B-FIP-CACCAACCTA,TCTGGCCCAGTTCCTAGGTAGT CACCAACCTA CCAGACGAATTCGTGGTGG
7,A5,B-FIP-AGCTGCCATG,TCTGGCCCAGTTCCTAGGTAGT AGCTGCCATG CCAGACGAATTCGTGGTGG
7,A6,B-FIP-CATGCATTGC,TCTGGCCCAGTTCCTAGGTAGT CATGCATTGC CCAGACGAATTCGTGGTGG
7,A7,B-FIP-TACCAGATTG,TCTGGCCCAGTTCCTAGGTAGT TACCAGATTG CCAGACGAATTCGTGGTGG
7,A8,B-FIP-ACGCGCAAAG,TCTGGCCCAGTTCCTAGGTAGT ACGCGCAAAG CCAGACGAATTCGTGGTGG
7,A9,B-FIP-TCTTTCGACT,TCTGGCCCAGTTCCTAGGTAGT TCTTTCGACT CCAGACGAATTCGTGGTGG
7,A10,B-FIP-AGCCGCTCAT,TCTGGCCCAGTTCCTAGGTAGT AGCCGCTCAT CCAGACGAATTCGTGGTGG
7,A11,B-FIP-CGGACTATTA,TCTGGCCCAGTTCCTAGGTAGT CGGACTATTA CCAGACGAATTCGTGGTGG
7,A12,B-FIP-TTCAGTGGCC,TCTGGCCCAGTTCCTAGGTAGT TTCAGTGGCC CCAGACGAATTCGTGGTGG
7,B1,B-FIP-AGGTAACTCT,TCTGGCCCAGTTCCTAGGTAGT AGGTAACTCT CCAGACGAATTCGTGGTGG
7,B2,B-FIP-TAACGTACCA,TCTGGCCCAGTTCCTAGGTAGT TAACGTACCA CCAGACGAATTCGTGGTGG
7,B3,B-FIP-GGACATATGA,TCTGGCCCAGTTCCTAGGTAGT GGACATATGA CCAGACGAATTCGTGGTGG
7,B4,B-FIP-TCAACGTCGT,TCTGGCCCAGTTCCTAGGTAGT TCAACGTCGT CCAGACGAATTCGTGGTGG
7,B5,B-FIP-GTGAAATTGC,TCTGGCCCAGTTCCTAGGTAGT GTGAAATTGC CCAGACGAATTCGTGGTGG
7,B6,B-FIP-TCATGACATG,TCTGGCCCAGTTCCTAGGTAGT TCATGACATG CCAGACGAATTCGTGGTGG
7,B7,B-FIP-AGTGATGCCG,TCTGGCCCAGTTCCTAGGTAGT AGTGATGCCG CCAGACGAATTCGTGGTGG
7,B8,B-FIP-ACACCTCACC,TCTGGCCCAGTTCCTAGGTAGT ACACCTCACC CCAGACGAATTCGTGGTGG
7,B9,B-FIP-GATCCCGTAC,TCTGGCCCAGTTCCTAGGTAGT GATCCCGTAC CCAGACGAATTCGTGGTGG
7,B10,B-FIP-GTACCTGAAA,TCTGGCCCAGTTCCTAGGTAGT GTACCTGAAA CCAGACGAATTCGTGGTGG
7,B11,B-FIP-TGAGATCACA,TCTGGCCCAGTTCCTAGGTAGT TGAGATCACA CCAGACGAATTCGTGGTGG
7,B12,B-FIP-CAACGATCGC,TCTGGCCCAGTTCCTAGGTAGT CAACGATCGC CCAGACGAATTCGTGGTGG
7,C1,B-FIP-GCACTCTGGA,TCTGGCCCAGTTCCTAGGTAGT GCACTCTGGA CCAGACGAATTCGTGGTGG
7,C2,B-FIP-TCGAGTCCAT,TCTGGCCCAGTTCCTAGGTAGT TCGAGTCCAT CCAGACGAATTCGTGGTGG
7,C3,B-FIP-TTACCGTGTG,TCTGGCCCAGTTCCTAGGTAGT TTACCGTGTG CCAGACGAATTCGTGGTGG
7,C4,B-FIP-TTAGAACGAG,TCTGGCCCAGTTCCTAGGTAGT TTAGAACGAG CCAGACGAATTCGTGGTGG
7,C5,B-FIP-TTCGATAGTC,TCTGGCCCAGTTCCTAGGTAGT TTCGATAGTC CCAGACGAATTCGTGGTGG
7,C6,B-FIP-CGTGAACGGT,TCTGGCCCAGTTCCTAGGTAGT CGTGAACGGT CCAGACGAATTCGTGGTGG
7,C7,B-FIP-CACGTTGTTC,TCTGGCCCAGTTCCTAGGTAGT CACGTTGTTC CCAGACGAATTCGTGGTGG
7,C8,B-FIP-TCACCAGTAA,TCTGGCCCAGTTCCTAGGTAGT TCACCAGTAA CCAGACGAATTCGTGGTGG
7,C9,B-FIP-TTCGAAGAGT,TCTGGCCCAGTTCCTAGGTAGT TTCGAAGAGT CCAGACGAATTCGTGGTGG
7,C10,B-FIP-AAGGAACTGT,TCTGGCCCAGTTCCTAGGTAGT AAGGAACTGT CCAGACGAATTCGTGGTGG
7,C11,B-FIP-AGGTGTAGGA,TCTGGCCCAGTTCCTAGGTAGT AGGTGTAGGA CCAGACGAATTCGTGGTGG
7,C12,B-FIP-CCGCTCAGAT,TCTGGCCCAGTTCCTAGGTAGT CCGCTCAGAT CCAGACGAATTCGTGGTGG
7,D1,B-FIP-AAAGCCAAGT,TCTGGCCCAGTTCCTAGGTAGT AAAGCCAAGT CCAGACGAATTCGTGGTGG
7,D2,B-FIP-GTGGAAACCC,TCTGGCCCAGTTCCTAGGTAGT GTGGAAACCC CCAGACGAATTCGTGGTGG
7,D3,B-FIP-GCTGACTTGA,TCTGGCCCAGTTCCTAGGTAGT GCTGACTTGA CCAGACGAATTCGTGGTGG
7,D4,B-FIP-CTGGATTAGG,TCTGGCCCAGTTCCTAGGTAGT CTGGATTAGG CCAGACGAATTCGTGGTGG
7,D5,B-FIP-AGCTCTTCTA,TCTGGCCCAGTTCCTAGGTAGT AGCTCTTCTA CCAGACGAATTCGTGGTGG
7,D6,B-FIP-CTGCCTGTTC,TCTGGCCCAGTTCCTAGGTAGT CTGCCTGTTC CCAGACGAATTCGTGGTGG
7,D7,B-FIP-CTTCCACCAC,TCTGGCCCAGTTCCTAGGTAGT CTTCCACCAC CCAGACGAATTCGTGGTGG
7,D8,B-FIP-CATTTACCAG,TCTGGCCCAGTTCCTAGGTAGT CATTTACCAG CCAGACGAATTCGTGGTGG
7,D9,B-FIP-CGGATGTGCT,TCTGGCCCAGTTCCTAGGTAGT CGGATGTGCT CCAGACGAATTCGTGGTGG
7,D10,B-FIP-ACTCGAGGCA,TCTGGCCCAGTTCCTAGGTAGT ACTCGAGGCA CCAGACGAATTCGTGGTGG
7,D11,B-FIP-GAAGCTGTGC,TCTGGCCCAGTTCCTAGGTAGT GAAGCTGTGC CCAGACGAATTCGTGGTGG
7,D12,B-FIP-TCCACTTAAC,TCTGGCCCAGTTCCTAGGTAGT TCCACTTAAC CCAGACGAATTCGTGGTGG
7,E1,B-FIP-CTAAGGCCCT,TCTGGCCCAGTTCCTAGGTAGT CTAAGGCCCT CCAGACGAATTCGTGGTGG
7,E2,B-FIP-CTGTACAGTT,TCTGGCCCAGTTCCTAGGTAGT CTGTACAGTT CCAGACGAATTCGTGGTGG
7,E3,B-FIP-CACAAGGTCG,TCTGGCCCAGTTCCTAGGTAGT CACAAGGTCG CCAGACGAATTCGTGGTGG
7,E4,B-FIP-ACAATTCGAC,TCTGGCCCAGTTCCTAGGTAGT ACAATTCGAC CCAGACGAATTCGTGGTGG
7,E5,B-FIP-CATCCCTTAT,TCTGGCCCAGTTCCTAGGTAGT CATCCCTTAT CCAGACGAATTCGTGGTGG
7,E6,B-FIP-CGCAATGAAA,TCTGGCCCAGTTCCTAGGTAGT CGCAATGAAA CCAGACGAATTCGTGGTGG
7,E7,B-FIP-GCGACATGAC,TCTGGCCCAGTTCCTAGGTAGT GCGACATGAC CCAGACGAATTCGTGGTGG
7,E8,B-FIP-GACTCGCTAT,TCTGGCCCAGTTCCTAGGTAGT GACTCGCTAT CCAGACGAATTCGTGGTGG
7,E9,B-FIP-GACCTGCAAT,TCTGGCCCAGTTCCTAGGTAGT GACCTGCAAT CCAGACGAATTCGTGGTGG
7,E10,B-FIP-GCCCATTGTG,TCTGGCCCAGTTCCTAGGTAGT GCCCATTGTG CCAGACGAATTCGTGGTGG
7,E11,B-FIP-TGCTTGGAAG,TCTGGCCCAGTTCCTAGGTAGT TGCTTGGAAG CCAGACGAATTCGTGGTGG
7,E12,B-FIP-GCTCACTCTG,TCTGGCCCAGTTCCTAGGTAGT GCTCACTCTG CCAGACGAATTCGTGGTGG
7,F1,B-FIP-TCCCACAACG,TCTGGCCCAGTTCCTAGGTAGT TCCCACAACG CCAGACGAATTCGTGGTGG
7,F2,B-FIP-TGTGATTCGA,TCTGGCCCAGTTCCTAGGTAGT TGTGATTCGA CCAGACGAATTCGTGGTGG
7,F3,B-FIP-GCATTCTTCG,TCTGGCCCAGTTCCTAGGTAGT GCATTCTTCG CCAGACGAATTCGTGGTGG
7,F4,B-FIP-AGAGCACCAC,TCTGGCCCAGTTCCTAGGTAGT AGAGCACCAC CCAGACGAATTCGTGGTGG
7,F5,B-FIP-TGTTGTGGGC,TCTGGCCCAGTTCCTAGGTAGT TGTTGTGGGC CCAGACGAATTCGTGGTGG
7,F6,B-FIP-CAGACCGTCA,TCTGGCCCAGTTCCTAGGTAGT CAGACCGTCA CCAGACGAATTCGTGGTGG
7,F7,B-FIP-CCTAAGCCAG,TCTGGCCCAGTTCCTAGGTAGT CCTAAGCCAG CCAGACGAATTCGTGGTGG
7,F8,B-FIP-CACTTTGTCT,TCTGGCCCAGTTCCTAGGTAGT CACTTTGTCT CCAGACGAATTCGTGGTGG
7,F9,B-FIP-TATCGTCTCC,TCTGGCCCAGTTCCTAGGTAGT TATCGTCTCC CCAGACGAATTCGTGGTGG
7,F10,B-FIP-GGGTGATTAA,TCTGGCCCAGTTCCTAGGTAGT GGGTGATTAA CCAGACGAATTCGTGGTGG
7,F11,B-FIP-TACATACGTG,TCTGGCCCAGTTCCTAGGTAGT TACATACGTG CCAGACGAATTCGTGGTGG
7,F12,B-FIP-ACTGCTACGC,TCTGGCCCAGTTCCTAGGTAGT ACTGCTACGC CCAGACGAATTCGTGGTGG
7,G1,B-FIP-AGTACCTCTT,TCTGGCCCAGTTCCTAGGTAGT AGTACCTCTT CCAGACGAATTCGTGGTGG
7,G2,B-FIP-AACACATCCT,TCTGGCCCAGTTCCTAGGTAGT AACACATCCT CCAGACGAATTCGTGGTGG
7,G3,B-FIP-GTTTCGTCAC,TCTGGCCCAGTTCCTAGGTAGT GTTTCGTCAC CCAGACGAATTCGTGGTGG
7,G4,B-FIP-ACCTCTGAGA,TCTGGCCCAGTTCCTAGGTAGT ACCTCTGAGA CCAGACGAATTCGTGGTGG
7,G5,B-FIP-AGCGGTTTGG,TCTGGCCCAGTTCCTAGGTAGT AGCGGTTTGG CCAGACGAATTCGTGGTGG
7,G6,B-FIP-TCAATGTTCC,TCTGGCCCAGTTCCTAGGTAGT TCAATGTTCC CCAGACGAATTCGTGGTGG
7,G7,B-FIP-CGCCTAGAAT,TCTGGCCCAGTTCCTAGGTAGT CGCCTAGAAT CCAGACGAATTCGTGGTGG
7,G8,B-FIP-TCCGTATGAG,TCTGGCCCAGTTCCTAGGTAGT TCCGTATGAG CCAGACGAATTCGTGGTGG
7,G9,B-FIP-GAGGGTGAAG,TCTGGCCCAGTTCCTAGGTAGT GAGGGTGAAG CCAGACGAATTCGTGGTGG
7,G10,B-FIP-GGCGGAAGTT,TCTGGCCCAGTTCCTAGGTAGT GGCGGAAGTT CCAGACGAATTCGTGGTGG
7,G11,B-FIP-CGAGAGATTT,TCTGGCCCAGTTCCTAGGTAGT CGAGAGATTT CCAGACGAATTCGTGGTGG
7,G12,B-FIP-CCTCCCATCA,TCTGGCCCAGTTCCTAGGTAGT CCTCCCATCA CCAGACGAATTCGTGGTGG
7,H1,B-FIP-CCACGGTGAA,TCTGGCCCAGTTCCTAGGTAGT CCACGGTGAA CCAGACGAATTCGTGGTGG
7,H2,B-FIP-CGACCGTAAT,TCTGGCCCAGTTCCTAGGTAGT CGACCGTAAT CCAGACGAATTCGTGGTGG
7,H3,B-FIP-AATGCTAGTC,TCTGGCCCAGTTCCTAGGTAGT AATGCTAGTC CCAGACGAATTCGTGGTGG
7,H4,B-FIP-TGTCCTCCGA,TCTGGCCCAGTTCCTAGGTAGT TGTCCTCCGA CCAGACGAATTCGTGGTGG
7,H5,B-FIP-ACAAAGACGA,TCTGGCCCAGTTCCTAGGTAGT ACAAAGACGA CCAGACGAATTCGTGGTGG
7,H6,B-FIP-TGGCTGAGGA,TCTGGCCCAGTTCCTAGGTAGT TGGCTGAGGA CCAGACGAATTCGTGGTGG
7,H7,B-FIP-GACAGCTGCA,TCTGGCCCAGTTCCTAGGTAGT GACAGCTGCA CCAGACGAATTCGTGGTGG
7,H8,B-FIP-TATCGAAAGC,TCTGGCCCAGTTCCTAGGTAGT TATCGAAAGC CCAGACGAATTCGTGGTGG
7,H9,B-FIP-TGATCGATGA,TCTGGCCCAGTTCCTAGGTAGT TGATCGATGA CCAGACGAATTCGTGGTGG
7,H10,B-FIP-AACTTGCGTA,TCTGGCCCAGTTCCTAGGTAGT AACTTGCGTA CCAGACGAATTCGTGGTGG
7,H11,B-FIP-GCCATGAGAC,TCTGGCCCAGTTCCTAGGTAGT GCCATGAGAC CCAGACGAATTCGTGGTGG
7,H12,B-FIP-GAAAGCTACT,TCTGGCCCAGTTCCTAGGTAGT GAAAGCTACT CCAGACGAATTCGTGGTGG
8,A1,B-FIP-ATGGCTCTAG,TCTGGCCCAGTTCCTAGGTAGT ATGGCTCTAG CCAGACGAATTCGTGGTGG
8,A2,B-FIP-TGGAAGAGAT,TCTGGCCCAGTTCCTAGGTAGT TGGAAGAGAT CCAGACGAATTCGTGGTGG
8,A3,B-FIP-GTGAGTCTTA,TCTGGCCCAGTTCCTAGGTAGT GTGAGTCTTA CCAGACGAATTCGTGGTGG
8,A4,B-FIP-CGATTCAATG,TCTGGCCCAGTTCCTAGGTAGT CGATTCAATG CCAGACGAATTCGTGGTGG
8,A5,B-FIP-TATGGTGACT,TCTGGCCCAGTTCCTAGGTAGT TATGGTGACT CCAGACGAATTCGTGGTGG
8,A6,B-FIP-CGAAGGGCTA,TCTGGCCCAGTTCCTAGGTAGT CGAAGGGCTA CCAGACGAATTCGTGGTGG
8,A7,B-FIP-ACAGTTTGCC,TCTGGCCCAGTTCCTAGGTAGT ACAGTTTGCC CCAGACGAATTCGTGGTGG
8,A8,B-FIP-ATGTAATCCG,TCTGGCCCAGTTCCTAGGTAGT ATGTAATCCG CCAGACGAATTCGTGGTGG
8,A9,B-FIP-GTAATTGCAG,TCTGGCCCAGTTCCTAGGTAGT GTAATTGCAG CCAGACGAATTCGTGGTGG
8,A10,B-FIP-TACTCTAGAC,TCTGGCCCAGTTCCTAGGTAGT TACTCTAGAC CCAGACGAATTCGTGGTGG
8,A11,B-FIP-TCCATGAGTT,TCTGGCCCAGTTCCTAGGTAGT TCCATGAGTT CCAGACGAATTCGTGGTGG
8,A12,B-FIP-GGACCTGCTA,TCTGGCCCAGTTCCTAGGTAGT GGACCTGCTA CCAGACGAATTCGTGGTGG
8,B1,B-FIP-CGAGATAAGC,TCTGGCCCAGTTCCTAGGTAGT CGAGATAAGC CCAGACGAATTCGTGGTGG
8,B2,B-FIP-GCTAACAGTA,TCTGGCCCAGTTCCTAGGTAGT GCTAACAGTA CCAGACGAATTCGTGGTGG
8,B3,B-FIP-TATGGATCTC,TCTGGCCCAGTTCCTAGGTAGT TATGGATCTC CCAGACGAATTCGTGGTGG
8,B4,B-FIP-AGACCAGAAG,TCTGGCCCAGTTCCTAGGTAGT AGACCAGAAG CCAGACGAATTCGTGGTGG
8,B5,B-FIP-ACAGCACCCA,TCTGGCCCAGTTCCTAGGTAGT ACAGCACCCA CCAGACGAATTCGTGGTGG
8,B6,B-FIP-GGTAAAGCCA,TCTGGCCCAGTTCCTAGGTAGT GGTAAAGCCA CCAGACGAATTCGTGGTGG
8,B7,B-FIP-CTTCAACGCG,TCTGGCCCAGTTCCTAGGTAGT CTTCAACGCG CCAGACGAATTCGTGGTGG
8,B8,B-FIP-CAAGTTGCTG,TCTGGCCCAGTTCCTAGGTAGT CAAGTTGCTG CCAGACGAATTCGTGGTGG
8,B9,B-FIP-CCAATGTACA,TCTGGCCCAGTTCCTAGGTAGT CCAATGTACA CCAGACGAATTCGTGGTGG
8,B10,B-FIP-CTACCTCTAT,TCTGGCCCAGTTCCTAGGTAGT CTACCTCTAT CCAGACGAATTCGTGGTGG
8,B11,B-FIP-AGGCAGGACA,TCTGGCCCAGTTCCTAGGTAGT AGGCAGGACA CCAGACGAATTCGTGGTGG
8,B12,B-FIP-TGTGAACGAA,TCTGGCCCAGTTCCTAGGTAGT TGTGAACGAA CCAGACGAATTCGTGGTGG
8,C1,B-FIP-ATTACTCCAG,TCTGGCCCAGTTCCTAGGTAGT ATTACTCCAG CCAGACGAATTCGTGGTGG
8,C2,B-FIP-ATCCATGCGC,TCTGGCCCAGTTCCTAGGTAGT ATCCATGCGC CCAGACGAATTCGTGGTGG
8,C3,B-FIP-TAAGATACCC,TCTGGCCCAGTTCCTAGGTAGT TAAGATACCC CCAGACGAATTCGTGGTGG
8,C4,B-FIP-CTAGACCCTC,TCTGGCCCAGTTCCTAGGTAGT CTAGACCCTC CCAGACGAATTCGTGGTGG
8,C5,B-FIP-GTAACCTCTA,TCTGGCCCAGTTCCTAGGTAGT GTAACCTCTA CCAGACGAATTCGTGGTGG
8,C6,B-FIP-ACCATAGAGA,TCTGGCCCAGTTCCTAGGTAGT ACCATAGAGA CCAGACGAATTCGTGGTGG
8,C7,B-FIP-GCGTCTGCTT,TCTGGCCCAGTTCCTAGGTAGT GCGTCTGCTT CCAGACGAATTCGTGGTGG
8,C8,B-FIP-CCTAAACTGC,TCTGGCCCAGTTCCTAGGTAGT CCTAAACTGC CCAGACGAATTCGTGGTGG
8,C9,B-FIP-CCTATTCAGA,TCTGGCCCAGTTCCTAGGTAGT CCTATTCAGA CCAGACGAATTCGTGGTGG
8,C10,B-FIP-TTGGGAGGCT,TCTGGCCCAGTTCCTAGGTAGT TTGGGAGGCT CCAGACGAATTCGTGGTGG
8,C11,B-FIP-TAATGGGTGA,TCTGGCCCAGTTCCTAGGTAGT TAATGGGTGA CCAGACGAATTCGTGGTGG
8,C12,B-FIP-TCCTAGACGG,TCTGGCCCAGTTCCTAGGTAGT TCCTAGACGG CCAGACGAATTCGTGGTGG
8,D1,B-FIP-GCACGAATTA,TCTGGCCCAGTTCCTAGGTAGT GCACGAATTA CCAGACGAATTCGTGGTGG
8,D2,B-FIP-TTCCGGAGTT,TCTGGCCCAGTTCCTAGGTAGT TTCCGGAGTT CCAGACGAATTCGTGGTGG
8,D3,B-FIP-AAGTATCTCC,TCTGGCCCAGTTCCTAGGTAGT AAGTATCTCC CCAGACGAATTCGTGGTGG
8,D4,B-FIP-AGTACATCAC,TCTGGCCCAGTTCCTAGGTAGT AGTACATCAC CCAGACGAATTCGTGGTGG
8,D5,B-FIP-AGCTACAACG,TCTGGCCCAGTTCCTAGGTAGT AGCTACAACG CCAGACGAATTCGTGGTGG
8,D6,B-FIP-AGTGTTAACG,TCTGGCCCAGTTCCTAGGTAGT AGTGTTAACG CCAGACGAATTCGTGGTGG
8,D7,B-FIP-ATCACTTCAC,TCTGGCCCAGTTCCTAGGTAGT ATCACTTCAC CCAGACGAATTCGTGGTGG
8,D8,B-FIP-GTACACTCCT,TCTGGCCCAGTTCCTAGGTAGT GTACACTCCT CCAGACGAATTCGTGGTGG
8,D9,B-FIP-ACCGAGATAC,TCTGGCCCAGTTCCTAGGTAGT ACCGAGATAC CCAGACGAATTCGTGGTGG
8,D10,B-FIP-AGTGAGGAAT,TCTGGCCCAGTTCCTAGGTAGT AGTGAGGAAT CCAGACGAATTCGTGGTGG
8,D11,B-FIP-TTGACATGCC,TCTGGCCCAGTTCCTAGGTAGT TTGACATGCC CCAGACGAATTCGTGGTGG
8,D12,B-FIP-CGCGGGATAT,TCTGGCCCAGTTCCTAGGTAGT CGCGGGATAT CCAGACGAATTCGTGGTGG
8,E1,B-FIP-CGGGTTAAAT,TCTGGCCCAGTTCCTAGGTAGT CGGGTTAAAT CCAGACGAATTCGTGGTGG
8,E2,B-FIP-TTCTTCGCAG,TCTGGCCCAGTTCCTAGGTAGT TTCTTCGCAG CCAGACGAATTCGTGGTGG
8,E3,B-FIP-CCCGTACCTA,TCTGGCCCAGTTCCTAGGTAGT CCCGTACCTA CCAGACGAATTCGTGGTGG
8,E4,B-FIP-CGAAGCTCGA,TCTGGCCCAGTTCCTAGGTAGT CGAAGCTCGA CCAGACGAATTCGTGGTGG
8,E5,B-FIP-ACATAACACG,TCTGGCCCAGTTCCTAGGTAGT ACATAACACG CCAGACGAATTCGTGGTGG
8,E6,B-FIP-TTACCTAGCA,TCTGGCCCAGTTCCTAGGTAGT TTACCTAGCA CCAGACGAATTCGTGGTGG
8,E7,B-FIP-CCCAAACATG,TCTGGCCCAGTTCCTAGGTAGT CCCAAACATG CCAGACGAATTCGTGGTGG
8,E8,B-FIP-GAGTACTGGG,TCTGGCCCAGTTCCTAGGTAGT GAGTACTGGG CCAGACGAATTCGTGGTGG
8,E9,B-FIP-ACTCTATTCC,TCTGGCCCAGTTCCTAGGTAGT ACTCTATTCC CCAGACGAATTCGTGGTGG
8,E10,B-FIP-ATCCCTTGGC,TCTGGCCCAGTTCCTAGGTAGT ATCCCTTGGC CCAGACGAATTCGTGGTGG
8,E11,B-FIP-ACGTTAGCTG,TCTGGCCCAGTTCCTAGGTAGT ACGTTAGCTG CCAGACGAATTCGTGGTGG
8,E12,B-FIP-GATTTGGAAG,TCTGGCCCAGTTCCTAGGTAGT GATTTGGAAG CCAGACGAATTCGTGGTGG
8,F1,B-FIP-CAGGTATATC,TCTGGCCCAGTTCCTAGGTAGT CAGGTATATC CCAGACGAATTCGTGGTGG
8,F2,B-FIP-GACTTCCAAA,TCTGGCCCAGTTCCTAGGTAGT GACTTCCAAA CCAGACGAATTCGTGGTGG
8,F3,B-FIP-CTTACACCGG,TCTGGCCCAGTTCCTAGGTAGT CTTACACCGG CCAGACGAATTCGTGGTGG
8,F4,B-FIP-TCAGCTCCGA,TCTGGCCCAGTTCCTAGGTAGT TCAGCTCCGA CCAGACGAATTCGTGGTGG
8,F5,B-FIP-GGTACATATC,TCTGGCCCAGTTCCTAGGTAGT GGTACATATC CCAGACGAATTCGTGGTGG
8,F6,B-FIP-CCTCACTACT,TCTGGCCCAGTTCCTAGGTAGT CCTCACTACT CCAGACGAATTCGTGGTGG
8,F7,B-FIP-CACAAACTCA,TCTGGCCCAGTTCCTAGGTAGT CACAAACTCA CCAGACGAATTCGTGGTGG
8,F8,B-FIP-GTTTCCTAGG,TCTGGCCCAGTTCCTAGGTAGT GTTTCCTAGG CCAGACGAATTCGTGGTGG
8,F9,B-FIP-TTTCGCGTTG,TCTGGCCCAGTTCCTAGGTAGT TTTCGCGTTG CCAGACGAATTCGTGGTGG
8,F10,B-FIP-CGACACGTTA,TCTGGCCCAGTTCCTAGGTAGT CGACACGTTA CCAGACGAATTCGTGGTGG
8,F11,B-FIP-TCCATCGAGC,TCTGGCCCAGTTCCTAGGTAGT TCCATCGAGC CCAGACGAATTCGTGGTGG
8,F12,B-FIP-CTAAACGATG,TCTGGCCCAGTTCCTAGGTAGT CTAAACGATG CCAGACGAATTCGTGGTGG
8,G1,B-FIP-GGAATGTGCA,TCTGGCCCAGTTCCTAGGTAGT GGAATGTGCA CCAGACGAATTCGTGGTGG
8,G2,B-FIP-CACTACGGAA,TCTGGCCCAGTTCCTAGGTAGT CACTACGGAA CCAGACGAATTCGTGGTGG
8,G3,B-FIP-CCTATACTCT,TCTGGCCCAGTTCCTAGGTAGT CCTATACTCT CCAGACGAATTCGTGGTGG
8,G4,B-FIP-CGTTCTCCTG,TCTGGCCCAGTTCCTAGGTAGT CGTTCTCCTG CCAGACGAATTCGTGGTGG
8,G5,B-FIP-TGTGCAGTCC,TCTGGCCCAGTTCCTAGGTAGT TGTGCAGTCC CCAGACGAATTCGTGGTGG
8,G6,B-FIP-AGGCTTTCTG,TCTGGCCCAGTTCCTAGGTAGT AGGCTTTCTG CCAGACGAATTCGTGGTGG
8,G7,B-FIP-TACAGGATTC,TCTGGCCCAGTTCCTAGGTAGT TACAGGATTC CCAGACGAATTCGTGGTGG
8,G8,B-FIP-ACCCTTCAAA,TCTGGCCCAGTTCCTAGGTAGT ACCCTTCAAA CCAGACGAATTCGTGGTGG
8,G9,B-FIP-CGTGCGTGAT,TCTGGCCCAGTTCCTAGGTAGT CGTGCGTGAT CCAGACGAATTCGTGGTGG
8,G10,B-FIP-CCCAACTGTT,TCTGGCCCAGTTCCTAGGTAGT CCCAACTGTT CCAGACGAATTCGTGGTGG
8,G11,B-FIP-CAGCACATCT,TCTGGCCCAGTTCCTAGGTAGT CAGCACATCT CCAGACGAATTCGTGGTGG
8,G12,B-FIP-GAACGACAAA,TCTGGCCCAGTTCCTAGGTAGT GAACGACAAA CCAGACGAATTCGTGGTGG
8,H1,B-FIP-GTCTTCTCAT,TCTGGCCCAGTTCCTAGGTAGT GTCTTCTCAT CCAGACGAATTCGTGGTGG
8,H2,B-FIP-ATCGGCGGTT,TCTGGCCCAGTTCCTAGGTAGT ATCGGCGGTT CCAGACGAATTCGTGGTGG
8,H3,B-FIP-GCGAGAGGTT,TCTGGCCCAGTTCCTAGGTAGT GCGAGAGGTT CCAGACGAATTCGTGGTGG
8,H4,B-FIP-GTTCAGCTCA,TCTGGCCCAGTTCCTAGGTAGT GTTCAGCTCA CCAGACGAATTCGTGGTGG
8,H5,B-FIP-CTTTGACAAG,TCTGGCCCAGTTCCTAGGTAGT CTTTGACAAG CCAGACGAATTCGTGGTGG
8,H6,B-FIP-CTAAGAATGG,TCTGGCCCAGTTCCTAGGTAGT CTAAGAATGG CCAGACGAATTCGTGGTGG
8,H7,B-FIP-CGATGTTTGT,TCTGGCCCAGTTCCTAGGTAGT CGATGTTTGT CCAGACGAATTCGTGGTGG
8,H8,B-FIP-TCAGGTATTG,TCTGGCCCAGTTCCTAGGTAGT TCAGGTATTG CCAGACGAATTCGTGGTGG
8,H9,B-FIP-CGTTCGGACT,TCTGGCCCAGTTCCTAGGTAGT CGTTCGGACT CCAGACGAATTCGTGGTGG
8,H10,B-FIP-ACCTTCATAC,TCTGGCCCAGTTCCTAGGTAGT ACCTTCATAC CCAGACGAATTCGTGGTGG
8,H11,B-FIP-TAGCATGTCT,TCTGGCCCAGTTCCTAGGTAGT TAGCATGTCT CCAGACGAATTCGTGGTGG
8,H12,B-FIP-TGTCCGTAGC,TCTGGCCCAGTTCCTAGGTAGT TGTCCGTAGC CCAGACGAATTCGTGGTGG
9,A1,B-FIP-GGGATTCAAA,TCTGGCCCAGTTCCTAGGTAGT GGGATTCAAA CCAGACGAATTCGTGGTGG
9,A2,B-FIP-TAATGACGCA,TCTGGCCCAGTTCCTAGGTAGT TAATGACGCA CCAGACGAATTCGTGGTGG
9,A3,B-FIP-ATAGCTTGGA,TCTGGCCCAGTTCCTAGGTAGT ATAGCTTGGA CCAGACGAATTCGTGGTGG
9,A4,B-FIP-CATACAAAGG,TCTGGCCCAGTTCCTAGGTAGT CATACAAAGG CCAGACGAATTCGTGGTGG
9,A5,B-FIP-TAGCGTTCGC,TCTGGCCCAGTTCCTAGGTAGT TAGCGTTCGC CCAGACGAATTCGTGGTGG
9,A6,B-FIP-CATGGTATCC,TCTGGCCCAGTTCCTAGGTAGT CATGGTATCC CCAGACGAATTCGTGGTGG
9,A7,B-FIP-CGAGTACTCC,TCTGGCCCAGTTCCTAGGTAGT CGAGTACTCC CCAGACGAATTCGTGGTGG
9,A8,B-FIP-CGCTCGAAAG,TCTGGCCCAGTTCCTAGGTAGT CGCTCGAAAG CCAGACGAATTCGTGGTGG
9,A9,B-FIP-CCAAACTCTG,TCTGGCCCAGTTCCTAGGTAGT CCAAACTCTG CCAGACGAATTCGTGGTGG
9,A10,B-FIP-ACACGGGTGT,TCTGGCCCAGTTCCTAGGTAGT ACACGGGTGT CCAGACGAATTCGTGGTGG
9,A11,B-FIP-CTGGAGGTGT,TCTGGCCCAGTTCCTAGGTAGT CTGGAGGTGT CCAGACGAATTCGTGGTGG
9,A12,B-FIP-CTAATCCGAT,TCTGGCCCAGTTCCTAGGTAGT CTAATCCGAT CCAGACGAATTCGTGGTGG
9,B1,B-FIP-TTTCGTAGGA,TCTGGCCCAGTTCCTAGGTAGT TTTCGTAGGA CCAGACGAATTCGTGGTGG
9,B2,B-FIP-CACGCGCTTA,TCTGGCCCAGTTCCTAGGTAGT CACGCGCTTA CCAGACGAATTCGTGGTGG
9,B3,B-FIP-CAATAGCTGA,TCTGGCCCAGTTCCTAGGTAGT CAATAGCTGA CCAGACGAATTCGTGGTGG
9,B4,B-FIP-GAAGAACGGT,TCTGGCCCAGTTCCTAGGTAGT GAAGAACGGT CCAGACGAATTCGTGGTGG
9,B5,B-FIP-AGCGCGAATG,TCTGGCCCAGTTCCTAGGTAGT AGCGCGAATG CCAGACGAATTCGTGGTGG
9,B6,B-FIP-ACTTGCTCAC,TCTGGCCCAGTTCCTAGGTAGT ACTTGCTCAC CCAGACGAATTCGTGGTGG
9,B7,B-FIP-ATACCAGCAA,TCTGGCCCAGTTCCTAGGTAGT ATACCAGCAA CCAGACGAATTCGTGGTGG
9,B8,B-FIP-AGGTCTTTAG,TCTGGCCCAGTTCCTAGGTAGT AGGTCTTTAG CCAGACGAATTCGTGGTGG
9,B9,B-FIP-TGTGGTAGCA,TCTGGCCCAGTTCCTAGGTAGT TGTGGTAGCA CCAGACGAATTCGTGGTGG
9,B10,B-FIP-TGGACTCATC,TCTGGCCCAGTTCCTAGGTAGT TGGACTCATC CCAGACGAATTCGTGGTGG
9,B11,B-FIP-GGAAGGAACT,TCTGGCCCAGTTCCTAGGTAGT GGAAGGAACT CCAGACGAATTCGTGGTGG
9,B12,B-FIP-TATGGAACAG,TCTGGCCCAGTTCCTAGGTAGT TATGGAACAG CCAGACGAATTCGTGGTGG
9,C1,B-FIP-CCAAACTAAC,TCTGGCCCAGTTCCTAGGTAGT CCAAACTAAC CCAGACGAATTCGTGGTGG
9,C2,B-FIP-TCCGGGTATT,TCTGGCCCAGTTCCTAGGTAGT TCCGGGTATT CCAGACGAATTCGTGGTGG
9,C3,B-FIP-TTACGACGTC,TCTGGCCCAGTTCCTAGGTAGT TTACGACGTC CCAGACGAATTCGTGGTGG
9,C4,B-FIP-GGCCTTACGT,TCTGGCCCAGTTCCTAGGTAGT GGCCTTACGT CCAGACGAATTCGTGGTGG
9,C5,B-FIP-AATAGTCGAG,TCTGGCCCAGTTCCTAGGTAGT AATAGTCGAG CCAGACGAATTCGTGGTGG
9,C6,B-FIP-AACGAATACG,TCTGGCCCAGTTCCTAGGTAGT AACGAATACG CCAGACGAATTCGTGGTGG
9,C7,B-FIP-GAAGACCAAT,TCTGGCCCAGTTCCTAGGTAGT GAAGACCAAT CCAGACGAATTCGTGGTGG
9,C8,B-FIP-GAGGCCTGTA,TCTGGCCCAGTTCCTAGGTAGT GAGGCCTGTA CCAGACGAATTCGTGGTGG
9,C9,B-FIP-AAGACTGGTT,TCTGGCCCAGTTCCTAGGTAGT AAGACTGGTT CCAGACGAATTCGTGGTGG
9,C10,B-FIP-GAACTTGGTT,TCTGGCCCAGTTCCTAGGTAGT GAACTTGGTT CCAGACGAATTCGTGGTGG
9,C11,B-FIP-GGCATAGGAC,TCTGGCCCAGTTCCTAGGTAGT GGCATAGGAC CCAGACGAATTCGTGGTGG
9,C12,B-FIP-TCTACCGCGA,TCTGGCCCAGTTCCTAGGTAGT TCTACCGCGA CCAGACGAATTCGTGGTGG
9,D1,B-FIP-TCTTCGACAC,TCTGGCCCAGTTCCTAGGTAGT TCTTCGACAC CCAGACGAATTCGTGGTGG
9,D2,B-FIP-TAGATATGGG,TCTGGCCCAGTTCCTAGGTAGT TAGATATGGG CCAGACGAATTCGTGGTGG
9,D3,B-FIP-TGACGGTCGA,TCTGGCCCAGTTCCTAGGTAGT TGACGGTCGA CCAGACGAATTCGTGGTGG
9,D4,B-FIP-CCGTCATTCG,TCTGGCCCAGTTCCTAGGTAGT CCGTCATTCG CCAGACGAATTCGTGGTGG
9,D5,B-FIP-CTCTTCTCCA,TCTGGCCCAGTTCCTAGGTAGT CTCTTCTCCA CCAGACGAATTCGTGGTGG
9,D6,B-FIP-CTAGAGCCGA,TCTGGCCCAGTTCCTAGGTAGT CTAGAGCCGA CCAGACGAATTCGTGGTGG
9,D7,B-FIP-TGATAACCAC,TCTGGCCCAGTTCCTAGGTAGT TGATAACCAC CCAGACGAATTCGTGGTGG
9,D8,B-FIP-ACTATAGACC,TCTGGCCCAGTTCCTAGGTAGT ACTATAGACC CCAGACGAATTCGTGGTGG
9,D9,B-FIP-CTGCGTACTC,TCTGGCCCAGTTCCTAGGTAGT CTGCGTACTC CCAGACGAATTCGTGGTGG
9,D10,B-FIP-CATTATGCGT,TCTGGCCCAGTTCCTAGGTAGT CATTATGCGT CCAGACGAATTCGTGGTGG
9,D11,B-FIP-GCATCTAGGT,TCTGGCCCAGTTCCTAGGTAGT GCATCTAGGT CCAGACGAATTCGTGGTGG
9,D12,B-FIP-CTCCCGATAT,TCTGGCCCAGTTCCTAGGTAGT CTCCCGATAT CCAGACGAATTCGTGGTGG
9,E1,B-FIP-CGAGTCATTC,TCTGGCCCAGTTCCTAGGTAGT CGAGTCATTC CCAGACGAATTCGTGGTGG
9,E2,B-FIP-CTATTTGCTC,TCTGGCCCAGTTCCTAGGTAGT CTATTTGCTC CCAGACGAATTCGTGGTGG
9,E3,B-FIP-TTTGAGCCAA,TCTGGCCCAGTTCCTAGGTAGT TTTGAGCCAA CCAGACGAATTCGTGGTGG
9,E4,B-FIP-TAAGCTAGGG,TCTGGCCCAGTTCCTAGGTAGT TAAGCTAGGG CCAGACGAATTCGTGGTGG
9,E5,B-FIP-ACGCTTTCAC,TCTGGCCCAGTTCCTAGGTAGT ACGCTTTCAC CCAGACGAATTCGTGGTGG
9,E6,B-FIP-TGAAAGCGCA,TCTGGCCCAGTTCCTAGGTAGT TGAAAGCGCA CCAGACGAATTCGTGGTGG
9,E7,B-FIP-CAACACAAGT,TCTGGCCCAGTTCCTAGGTAGT CAACACAAGT CCAGACGAATTCGTGGTGG
9,E8,B-FIP-ACGTGTACTT,TCTGGCCCAGTTCCTAGGTAGT ACGTGTACTT CCAGACGAATTCGTGGTGG
9,E9,B-FIP-GATGGGTCTG,TCTGGCCCAGTTCCTAGGTAGT GATGGGTCTG CCAGACGAATTCGTGGTGG
9,E10,B-FIP-AAGTACCGGA,TCTGGCCCAGTTCCTAGGTAGT AAGTACCGGA CCAGACGAATTCGTGGTGG
9,E11,B-FIP-AGACACTTCT,TCTGGCCCAGTTCCTAGGTAGT AGACACTTCT CCAGACGAATTCGTGGTGG
9,E12,B-FIP-TCATGCCTTC,TCTGGCCCAGTTCCTAGGTAGT TCATGCCTTC CCAGACGAATTCGTGGTGG
9,F1,B-FIP-GTTCGGGCTA,TCTGGCCCAGTTCCTAGGTAGT GTTCGGGCTA CCAGACGAATTCGTGGTGG
9,F2,B-FIP-AGTCATTAGC,TCTGGCCCAGTTCCTAGGTAGT AGTCATTAGC CCAGACGAATTCGTGGTGG
9,F3,B-FIP-TGCACTTCAT,TCTGGCCCAGTTCCTAGGTAGT TGCACTTCAT CCAGACGAATTCGTGGTGG
9,F4,B-FIP-TGAAGCTTTC,TCTGGCCCAGTTCCTAGGTAGT TGAAGCTTTC CCAGACGAATTCGTGGTGG
9,F5,B-FIP-TTTCGTGCTT,TCTGGCCCAGTTCCTAGGTAGT TTTCGTGCTT CCAGACGAATTCGTGGTGG
9,F6,B-FIP-GTATACAGTC,TCTGGCCCAGTTCCTAGGTAGT GTATACAGTC CCAGACGAATTCGTGGTGG
9,F7,B-FIP-TCACCTGCCA,TCTGGCCCAGTTCCTAGGTAGT TCACCTGCCA CCAGACGAATTCGTGGTGG
9,F8,B-FIP-GGGCATTTAC,TCTGGCCCAGTTCCTAGGTAGT GGGCATTTAC CCAGACGAATTCGTGGTGG
9,F9,B-FIP-GGGTAGAGCT,TCTGGCCCAGTTCCTAGGTAGT GGGTAGAGCT CCAGACGAATTCGTGGTGG
9,F10,B-FIP-GTGTTTCACT,TCTGGCCCAGTTCCTAGGTAGT GTGTTTCACT CCAGACGAATTCGTGGTGG
9,F11,B-FIP-CGACTATTTC,TCTGGCCCAGTTCCTAGGTAGT CGACTATTTC CCAGACGAATTCGTGGTGG
9,F12,B-FIP-CTTGTCCCGT,TCTGGCCCAGTTCCTAGGTAGT CTTGTCCCGT CCAGACGAATTCGTGGTGG
9,G1,B-FIP-GCATGTATCT,TCTGGCCCAGTTCCTAGGTAGT GCATGTATCT CCAGACGAATTCGTGGTGG
9,G2,B-FIP-CGTTCGTTAA,TCTGGCCCAGTTCCTAGGTAGT CGTTCGTTAA CCAGACGAATTCGTGGTGG
9,G3,B-FIP-CTATATAGCC,TCTGGCCCAGTTCCTAGGTAGT CTATATAGCC CCAGACGAATTCGTGGTGG
9,G4,B-FIP-CAATGGTGGT,TCTGGCCCAGTTCCTAGGTAGT CAATGGTGGT CCAGACGAATTCGTGGTGG
9,G5,B-FIP-AAACAGCACA,TCTGGCCCAGTTCCTAGGTAGT AAACAGCACA CCAGACGAATTCGTGGTGG
9,G6,B-FIP-CTGGAAATCT,TCTGGCCCAGTTCCTAGGTAGT CTGGAAATCT CCAGACGAATTCGTGGTGG
9,G7,B-FIP-TGAAGCCTAT,TCTGGCCCAGTTCCTAGGTAGT TGAAGCCTAT CCAGACGAATTCGTGGTGG
9,G8,B-FIP-CACGTGAGAT,TCTGGCCCAGTTCCTAGGTAGT CACGTGAGAT CCAGACGAATTCGTGGTGG
9,G9,B-FIP-CAGTTCTGTG,TCTGGCCCAGTTCCTAGGTAGT CAGTTCTGTG CCAGACGAATTCGTGGTGG
9,G10,B-FIP-CAAGGTAACA,TCTGGCCCAGTTCCTAGGTAGT CAAGGTAACA CCAGACGAATTCGTGGTGG
9,G11,B-FIP-ATCCACGGAG,TCTGGCCCAGTTCCTAGGTAGT ATCCACGGAG CCAGACGAATTCGTGGTGG
9,G12,B-FIP-CTGTGTTATG,TCTGGCCCAGTTCCTAGGTAGT CTGTGTTATG CCAGACGAATTCGTGGTGG
9,H1,B-FIP-CATGTCCGCA,TCTGGCCCAGTTCCTAGGTAGT CATGTCCGCA CCAGACGAATTCGTGGTGG
9,H2,B-FIP-GGGAATATCA,TCTGGCCCAGTTCCTAGGTAGT GGGAATATCA CCAGACGAATTCGTGGTGG
9,H3,B-FIP-CCATAGAACA,TCTGGCCCAGTTCCTAGGTAGT CCATAGAACA CCAGACGAATTCGTGGTGG
9,H4,B-FIP-CTCTCGGTAA,TCTGGCCCAGTTCCTAGGTAGT CTCTCGGTAA CCAGACGAATTCGTGGTGG
9,H5,B-FIP-CGTAGGAACA,TCTGGCCCAGTTCCTAGGTAGT CGTAGGAACA CCAGACGAATTCGTGGTGG
9,H6,B-FIP-ATCCTATGGG,TCTGGCCCAGTTCCTAGGTAGT ATCCTATGGG CCAGACGAATTCGTGGTGG
9,H7,B-FIP-AGCAGCCGAT,TCTGGCCCAGTTCCTAGGTAGT AGCAGCCGAT CCAGACGAATTCGTGGTGG
9,H8,B-FIP-ACCACGTGTT,TCTGGCCCAGTTCCTAGGTAGT ACCACGTGTT CCAGACGAATTCGTGGTGG
9,H9,B-FIP-TCATCTGATC,TCTGGCCCAGTTCCTAGGTAGT TCATCTGATC CCAGACGAATTCGTGGTGG
9,H10,B-FIP-AAAGAGATGG,TCTGGCCCAGTTCCTAGGTAGT AAAGAGATGG CCAGACGAATTCGTGGTGG
9,H11,B-FIP-TGCTGAAGCT,TCTGGCCCAGTTCCTAGGTAGT TGCTGAAGCT CCAGACGAATTCGTGGTGG
9,H12,B-FIP-CTAGGTCCAA,TCTGGCCCAGTTCCTAGGTAGT CTAGGTCCAA CCAGACGAATTCGTGGTGG
10,A1,B-FIP-CTTCCCACAT,TCTGGCCCAGTTCCTAGGTAGT CTTCCCACAT CCAGACGAATTCGTGGTGG
10,A2,B-FIP-ATCGGATCGG,TCTGGCCCAGTTCCTAGGTAGT ATCGGATCGG CCAGACGAATTCGTGGTGG
10,A3,B-FIP-AACCTGACGG,TCTGGCCCAGTTCCTAGGTAGT AACCTGACGG CCAGACGAATTCGTGGTGG
10,A4,B-FIP-CGAGACAGCA,TCTGGCCCAGTTCCTAGGTAGT CGAGACAGCA CCAGACGAATTCGTGGTGG
10,A5,B-FIP-AAACTGGCTA,TCTGGCCCAGTTCCTAGGTAGT AAACTGGCTA CCAGACGAATTCGTGGTGG
10,A6,B-FIP-ACGGCCAGAA,TCTGGCCCAGTTCCTAGGTAGT ACGGCCAGAA CCAGACGAATTCGTGGTGG
10,A7,B-FIP-GCTGATTGTT,TCTGGCCCAGTTCCTAGGTAGT GCTGATTGTT CCAGACGAATTCGTGGTGG
10,A8,B-FIP-GTCGGATCTA,TCTGGCCCAGTTCCTAGGTAGT GTCGGATCTA CCAGACGAATTCGTGGTGG
10,A9,B-FIP-ACTCCCTTAC,TCTGGCCCAGTTCCTAGGTAGT ACTCCCTTAC CCAGACGAATTCGTGGTGG
10,A10,B-FIP-TGTTGCCAAT,TCTGGCCCAGTTCCTAGGTAGT TGTTGCCAAT CCAGACGAATTCGTGGTGG
10,A11,B-FIP-GCGTGTCTAA,TCTGGCCCAGTTCCTAGGTAGT GCGTGTCTAA CCAGACGAATTCGTGGTGG
10,A12,B-FIP-AATTTCAGGC,TCTGGCCCAGTTCCTAGGTAGT AATTTCAGGC CCAGACGAATTCGTGGTGG
10,B1,B-FIP-GTATGTACTC,TCTGGCCCAGTTCCTAGGTAGT GTATGTACTC CCAGACGAATTCGTGGTGG
10,B2,B-FIP-GAATAGTTGC,TCTGGCCCAGTTCCTAGGTAGT GAATAGTTGC CCAGACGAATTCGTGGTGG
10,B3,B-FIP-ACCACTTAGT,TCTGGCCCAGTTCCTAGGTAGT ACCACTTAGT CCAGACGAATTCGTGGTGG
10,B4,B-FIP-ATTCCCGGAC,TCTGGCCCAGTTCCTAGGTAGT ATTCCCGGAC CCAGACGAATTCGTGGTGG
10,B5,B-FIP-CACTATCCGC,TCTGGCCCAGTTCCTAGGTAGT CACTATCCGC CCAGACGAATTCGTGGTGG
10,B6,B-FIP-GTACGTACAA,TCTGGCCCAGTTCCTAGGTAGT GTACGTACAA CCAGACGAATTCGTGGTGG
10,B7,B-FIP-AGGGAGACAC,TCTGGCCCAGTTCCTAGGTAGT AGGGAGACAC CCAGACGAATTCGTGGTGG
10,B8,B-FIP-GCCGTTGTAG,TCTGGCCCAGTTCCTAGGTAGT GCCGTTGTAG CCAGACGAATTCGTGGTGG
10,B9,B-FIP-AAGGAGTATG,TCTGGCCCAGTTCCTAGGTAGT AAGGAGTATG CCAGACGAATTCGTGGTGG
10,B10,B-FIP-CAATAACCGT,TCTGGCCCAGTTCCTAGGTAGT CAATAACCGT CCAGACGAATTCGTGGTGG
10,B11,B-FIP-CTCAGCAGGT,TCTGGCCCAGTTCCTAGGTAGT CTCAGCAGGT CCAGACGAATTCGTGGTGG
10,B12,B-FIP-CTGAAGACTG,TCTGGCCCAGTTCCTAGGTAGT CTGAAGACTG CCAGACGAATTCGTGGTGG
10,C1,B-FIP-CCTAGCTCTC,TCTGGCCCAGTTCCTAGGTAGT CCTAGCTCTC CCAGACGAATTCGTGGTGG
10,C2,B-FIP-ACTTCAGACA,TCTGGCCCAGTTCCTAGGTAGT ACTTCAGACA CCAGACGAATTCGTGGTGG
10,C3,B-FIP-AGTGACTCCT,TCTGGCCCAGTTCCTAGGTAGT AGTGACTCCT CCAGACGAATTCGTGGTGG
10,C4,B-FIP-TTAGTTCCGT,TCTGGCCCAGTTCCTAGGTAGT TTAGTTCCGT CCAGACGAATTCGTGGTGG
10,C5,B-FIP-ATGCTTTGCT,TCTGGCCCAGTTCCTAGGTAGT ATGCTTTGCT CCAGACGAATTCGTGGTGG
10,C6,B-FIP-CAACCTGAGT,TCTGGCCCAGTTCCTAGGTAGT CAACCTGAGT CCAGACGAATTCGTGGTGG
10,C7,B-FIP-GCGGTCCAAT,TCTGGCCCAGTTCCTAGGTAGT GCGGTCCAAT CCAGACGAATTCGTGGTGG
10,C8,B-FIP-TAGCGATAAC,TCTGGCCCAGTTCCTAGGTAGT TAGCGATAAC CCAGACGAATTCGTGGTGG
10,C9,B-FIP-GATCTCACAA,TCTGGCCCAGTTCCTAGGTAGT GATCTCACAA CCAGACGAATTCGTGGTGG
10,C10,B-FIP-CGATCTGACA,TCTGGCCCAGTTCCTAGGTAGT CGATCTGACA CCAGACGAATTCGTGGTGG
10,C11,B-FIP-TGACCATGTA,TCTGGCCCAGTTCCTAGGTAGT TGACCATGTA CCAGACGAATTCGTGGTGG
10,C12,B-FIP-TTCTCCACTG,TCTGGCCCAGTTCCTAGGTAGT TTCTCCACTG CCAGACGAATTCGTGGTGG
10,D1,B-FIP-TTGGTGGCGT,TCTGGCCCAGTTCCTAGGTAGT TTGGTGGCGT CCAGACGAATTCGTGGTGG
10,D2,B-FIP-GTAGCCGAAC,TCTGGCCCAGTTCCTAGGTAGT GTAGCCGAAC CCAGACGAATTCGTGGTGG
10,D3,B-FIP-ATAATGCCAG,TCTGGCCCAGTTCCTAGGTAGT ATAATGCCAG CCAGACGAATTCGTGGTGG
10,D4,B-FIP-CAATGCTACC,TCTGGCCCAGTTCCTAGGTAGT CAATGCTACC CCAGACGAATTCGTGGTGG
10,D5,B-FIP-CTCGGTTCGA,TCTGGCCCAGTTCCTAGGTAGT CTCGGTTCGA CCAGACGAATTCGTGGTGG
10,D6,B-FIP-CCCAATCACC,TCTGGCCCAGTTCCTAGGTAGT CCCAATCACC CCAGACGAATTCGTGGTGG
10,D7,B-FIP-CTTCCATGAA,TCTGGCCCAGTTCCTAGGTAGT CTTCCATGAA CCAGACGAATTCGTGGTGG
10,D8,B-FIP-CCGCTTTAGT,TCTGGCCCAGTTCCTAGGTAGT CCGCTTTAGT CCAGACGAATTCGTGGTGG
10,D9,B-FIP-CGATCGAGAC,TCTGGCCCAGTTCCTAGGTAGT CGATCGAGAC CCAGACGAATTCGTGGTGG
10,D10,B-FIP-ATTTATGGGC,TCTGGCCCAGTTCCTAGGTAGT ATTTATGGGC CCAGACGAATTCGTGGTGG
10,D11,B-FIP-CTCCTGTCGA,TCTGGCCCAGTTCCTAGGTAGT CTCCTGTCGA CCAGACGAATTCGTGGTGG
10,D12,B-FIP-GCGCAAACAG,TCTGGCCCAGTTCCTAGGTAGT GCGCAAACAG CCAGACGAATTCGTGGTGG
10,E1,B-FIP-GGCATACCTA,TCTGGCCCAGTTCCTAGGTAGT GGCATACCTA CCAGACGAATTCGTGGTGG
10,E2,B-FIP-ATACCAACTG,TCTGGCCCAGTTCCTAGGTAGT ATACCAACTG CCAGACGAATTCGTGGTGG
10,E3,B-FIP-GCTTAAAGGT,TCTGGCCCAGTTCCTAGGTAGT GCTTAAAGGT CCAGACGAATTCGTGGTGG
10,E4,B-FIP-TCATCGCTCG,TCTGGCCCAGTTCCTAGGTAGT TCATCGCTCG CCAGACGAATTCGTGGTGG
10,E5,B-FIP-ACTGAAACCA,TCTGGCCCAGTTCCTAGGTAGT ACTGAAACCA CCAGACGAATTCGTGGTGG
10,E6,B-FIP-CAGGCCAACA,TCTGGCCCAGTTCCTAGGTAGT CAGGCCAACA CCAGACGAATTCGTGGTGG
10,E7,B-FIP-ACAAAGCGGC,TCTGGCCCAGTTCCTAGGTAGT ACAAAGCGGC CCAGACGAATTCGTGGTGG
10,E8,B-FIP-AAAGACGGCT,TCTGGCCCAGTTCCTAGGTAGT AAAGACGGCT CCAGACGAATTCGTGGTGG
10,E9,B-FIP-ACACCTAGAG,TCTGGCCCAGTTCCTAGGTAGT ACACCTAGAG CCAGACGAATTCGTGGTGG
10,E10,B-FIP-GGAGCTCTCT,TCTGGCCCAGTTCCTAGGTAGT GGAGCTCTCT CCAGACGAATTCGTGGTGG
10,E11,B-FIP-ACCATAACTG,TCTGGCCCAGTTCCTAGGTAGT ACCATAACTG CCAGACGAATTCGTGGTGG
10,E12,B-FIP-CCAGCCCTTA,TCTGGCCCAGTTCCTAGGTAGT CCAGCCCTTA CCAGACGAATTCGTGGTGG
10,F1,B-FIP-GAAGGAAGTA,TCTGGCCCAGTTCCTAGGTAGT GAAGGAAGTA CCAGACGAATTCGTGGTGG
10,F2,B-FIP-TGTTCTTCCG,TCTGGCCCAGTTCCTAGGTAGT TGTTCTTCCG CCAGACGAATTCGTGGTGG
10,F3,B-FIP-CATTGTTGAG,TCTGGCCCAGTTCCTAGGTAGT CATTGTTGAG CCAGACGAATTCGTGGTGG
10,F4,B-FIP-TAACAGGTCA,TCTGGCCCAGTTCCTAGGTAGT TAACAGGTCA CCAGACGAATTCGTGGTGG
10,F5,B-FIP-AGCGTCGTCT,TCTGGCCCAGTTCCTAGGTAGT AGCGTCGTCT CCAGACGAATTCGTGGTGG
10,F6,B-FIP-GAGCGAGCTT,TCTGGCCCAGTTCCTAGGTAGT GAGCGAGCTT CCAGACGAATTCGTGGTGG
10,F7,B-FIP-CCAAAGATCT,TCTGGCCCAGTTCCTAGGTAGT CCAAAGATCT CCAGACGAATTCGTGGTGG
10,F8,B-FIP-AGTAGCCTGC,TCTGGCCCAGTTCCTAGGTAGT AGTAGCCTGC CCAGACGAATTCGTGGTGG
10,F9,B-FIP-CCCGTATTGG,TCTGGCCCAGTTCCTAGGTAGT CCCGTATTGG CCAGACGAATTCGTGGTGG
10,F10,B-FIP-AATGCTGAAG,TCTGGCCCAGTTCCTAGGTAGT AATGCTGAAG CCAGACGAATTCGTGGTGG
10,F11,B-FIP-TATCCTACTG,TCTGGCCCAGTTCCTAGGTAGT TATCCTACTG CCAGACGAATTCGTGGTGG
10,F12,B-FIP-ACTCCGCATC,TCTGGCCCAGTTCCTAGGTAGT ACTCCGCATC CCAGACGAATTCGTGGTGG
10,G1,B-FIP-ATGCACGCGA,TCTGGCCCAGTTCCTAGGTAGT ATGCACGCGA CCAGACGAATTCGTGGTGG
10,G2,B-FIP-CGCAGTAGTT,TCTGGCCCAGTTCCTAGGTAGT CGCAGTAGTT CCAGACGAATTCGTGGTGG
10,G3,B-FIP-ATAAAGCTGG,TCTGGCCCAGTTCCTAGGTAGT ATAAAGCTGG CCAGACGAATTCGTGGTGG
10,G4,B-FIP-CTTACCGAGA,TCTGGCCCAGTTCCTAGGTAGT CTTACCGAGA CCAGACGAATTCGTGGTGG
10,G5,B-FIP-CGAGTGAATA,TCTGGCCCAGTTCCTAGGTAGT CGAGTGAATA CCAGACGAATTCGTGGTGG
10,G6,B-FIP-TTGTATAGGC,TCTGGCCCAGTTCCTAGGTAGT TTGTATAGGC CCAGACGAATTCGTGGTGG
10,G7,B-FIP-TGAGCGCCTT,TCTGGCCCAGTTCCTAGGTAGT TGAGCGCCTT CCAGACGAATTCGTGGTGG
10,G8,B-FIP-CAAGCACCTC,TCTGGCCCAGTTCCTAGGTAGT CAAGCACCTC CCAGACGAATTCGTGGTGG
10,G9,B-FIP-CCTCTGATAC,TCTGGCCCAGTTCCTAGGTAGT CCTCTGATAC CCAGACGAATTCGTGGTGG
10,G10,B-FIP-GCTAACTTAC,TCTGGCCCAGTTCCTAGGTAGT GCTAACTTAC CCAGACGAATTCGTGGTGG
10,G11,B-FIP-ATCTCGACTT,TCTGGCCCAGTTCCTAGGTAGT ATCTCGACTT CCAGACGAATTCGTGGTGG
10,G12,B-FIP-ATCTTGTGCA,TCTGGCCCAGTTCCTAGGTAGT ATCTTGTGCA CCAGACGAATTCGTGGTGG
10,H1,B-FIP-CTTTGCGGGA,TCTGGCCCAGTTCCTAGGTAGT CTTTGCGGGA CCAGACGAATTCGTGGTGG
10,H2,B-FIP-CCCTGTGAAG,TCTGGCCCAGTTCCTAGGTAGT CCCTGTGAAG CCAGACGAATTCGTGGTGG
10,H3,B-FIP-CCGTGAATCC,TCTGGCCCAGTTCCTAGGTAGT CCGTGAATCC CCAGACGAATTCGTGGTGG
10,H4,B-FIP-TTTGGTCCGG,TCTGGCCCAGTTCCTAGGTAGT TTTGGTCCGG CCAGACGAATTCGTGGTGG
10,H5,B-FIP-CGTGTATTTG,TCTGGCCCAGTTCCTAGGTAGT CGTGTATTTG CCAGACGAATTCGTGGTGG
10,H6,B-FIP-GTTTGGGTGC,TCTGGCCCAGTTCCTAGGTAGT GTTTGGGTGC CCAGACGAATTCGTGGTGG
10,H7,B-FIP-CACTTAGCTT,TCTGGCCCAGTTCCTAGGTAGT CACTTAGCTT CCAGACGAATTCGTGGTGG
10,H8,B-FIP-ATACGTCAGA,TCTGGCCCAGTTCCTAGGTAGT ATACGTCAGA CCAGACGAATTCGTGGTGG
10,H9,B-FIP-AGAAACATCC,TCTGGCCCAGTTCCTAGGTAGT AGAAACATCC CCAGACGAATTCGTGGTGG
10,H10,B-FIP-AGTCGGAATA,TCTGGCCCAGTTCCTAGGTAGT AGTCGGAATA CCAGACGAATTCGTGGTGG
10,H11,B-FIP-TGGAAACCAG,TCTGGCCCAGTTCCTAGGTAGT TGGAAACCAG CCAGACGAATTCGTGGTGG
10,H12,B-FIP-TGCGGATTGA,TCTGGCCCAGTTCCTAGGTAGT TGCGGATTGA CCAGACGAATTCGTGGTGG
backup,A1,B-FIP-TTCGAGACGC,TCTGGCCCAGTTCCTAGGTAGT TTCGAGACGC CCAGACGAATTCGTGGTGG
backup,A2,B-FIP-TACGTGATCA,TCTGGCCCAGTTCCTAGGTAGT TACGTGATCA CCAGACGAATTCGTGGTGG
backup,A3,B-FIP-ACGGAATTGG,TCTGGCCCAGTTCCTAGGTAGT ACGGAATTGG CCAGACGAATTCGTGGTGG
backup,A4,B-FIP-ACCGATAATC,TCTGGCCCAGTTCCTAGGTAGT ACCGATAATC CCAGACGAATTCGTGGTGG
backup,A5,B-FIP-GCGGTTACAT,TCTGGCCCAGTTCCTAGGTAGT GCGGTTACAT CCAGACGAATTCGTGGTGG
backup,A6,B-FIP-CACCATGTAG,TCTGGCCCAGTTCCTAGGTAGT CACCATGTAG CCAGACGAATTCGTGGTGG
backup,A7,B-FIP-GAACAGAGAA,TCTGGCCCAGTTCCTAGGTAGT GAACAGAGAA CCAGACGAATTCGTGGTGG
backup,A8,B-FIP-TACCCAAGAA,TCTGGCCCAGTTCCTAGGTAGT TACCCAAGAA CCAGACGAATTCGTGGTGG
backup,A9,B-FIP-GTGGCGTTTG,TCTGGCCCAGTTCCTAGGTAGT GTGGCGTTTG CCAGACGAATTCGTGGTGG
backup,A10,B-FIP-GGTCAAGGTA,TCTGGCCCAGTTCCTAGGTAGT GGTCAAGGTA CCAGACGAATTCGTGGTGG
backup,A11,B-FIP-CCCTAAATGT,TCTGGCCCAGTTCCTAGGTAGT CCCTAAATGT CCAGACGAATTCGTGGTGG
backup,A12,B-FIP-TATGCCCTTT,TCTGGCCCAGTTCCTAGGTAGT TATGCCCTTT CCAGACGAATTCGTGGTGG
backup,B1,B-FIP-AAACGACTTC,TCTGGCCCAGTTCCTAGGTAGT AAACGACTTC CCAGACGAATTCGTGGTGG
backup,B2,B-FIP-AGTGAGATTG,TCTGGCCCAGTTCCTAGGTAGT AGTGAGATTG CCAGACGAATTCGTGGTGG
backup,B3,B-FIP-TCCTACAGTA,TCTGGCCCAGTTCCTAGGTAGT TCCTACAGTA CCAGACGAATTCGTGGTGG
backup,B4,B-FIP-CCTATGCACG,TCTGGCCCAGTTCCTAGGTAGT CCTATGCACG CCAGACGAATTCGTGGTGG
backup,B5,B-FIP-GGGCAACGAA,TCTGGCCCAGTTCCTAGGTAGT GGGCAACGAA CCAGACGAATTCGTGGTGG
backup,B6,B-FIP-GCATTGAACT,TCTGGCCCAGTTCCTAGGTAGT GCATTGAACT CCAGACGAATTCGTGGTGG
backup,B7,B-FIP-ATGTAGCCAG,TCTGGCCCAGTTCCTAGGTAGT ATGTAGCCAG CCAGACGAATTCGTGGTGG
backup,B8,B-FIP-AAGGCTACAC,TCTGGCCCAGTTCCTAGGTAGT AAGGCTACAC CCAGACGAATTCGTGGTGG
backup,B9,B-FIP-AAAGCTAACC,TCTGGCCCAGTTCCTAGGTAGT AAAGCTAACC CCAGACGAATTCGTGGTGG
backup,B10,B-FIP-AACCTGAGCA,TCTGGCCCAGTTCCTAGGTAGT AACCTGAGCA CCAGACGAATTCGTGGTGG
backup,B11,B-FIP-GGTTGGATAG,TCTGGCCCAGTTCCTAGGTAGT GGTTGGATAG CCAGACGAATTCGTGGTGG
backup,B12,B-FIP-TTTGGACACA,TCTGGCCCAGTTCCTAGGTAGT TTTGGACACA CCAGACGAATTCGTGGTGG
backup,C1,B-FIP-CATCTGTGAA,TCTGGCCCAGTTCCTAGGTAGT CATCTGTGAA CCAGACGAATTCGTGGTGG
backup,C2,B-FIP-GAGCGTTCTG,TCTGGCCCAGTTCCTAGGTAGT GAGCGTTCTG CCAGACGAATTCGTGGTGG
backup,C3,B-FIP-CAAACACTGA,TCTGGCCCAGTTCCTAGGTAGT CAAACACTGA CCAGACGAATTCGTGGTGG
backup,C4,B-FIP-GGGTTTGACG,TCTGGCCCAGTTCCTAGGTAGT GGGTTTGACG CCAGACGAATTCGTGGTGG
backup,C5,B-FIP-ATTGTTCCTC,TCTGGCCCAGTTCCTAGGTAGT ATTGTTCCTC CCAGACGAATTCGTGGTGG
backup,C6,B-FIP-ACTAGCAGCC,TCTGGCCCAGTTCCTAGGTAGT ACTAGCAGCC CCAGACGAATTCGTGGTGG
backup,C7,B-FIP-TTGTTGCGAA,TCTGGCCCAGTTCCTAGGTAGT TTGTTGCGAA CCAGACGAATTCGTGGTGG
backup,C8,B-FIP-ACAACTCAAG,TCTGGCCCAGTTCCTAGGTAGT ACAACTCAAG CCAGACGAATTCGTGGTGG
backup,C9,B-FIP-TACGGATTAG,TCTGGCCCAGTTCCTAGGTAGT TACGGATTAG CCAGACGAATTCGTGGTGG
backup,C10,B-FIP-GAAAGTAGCA,TCTGGCCCAGTTCCTAGGTAGT GAAAGTAGCA CCAGACGAATTCGTGGTGG
backup,C11,B-FIP-TAGTCCTTAG,TCTGGCCCAGTTCCTAGGTAGT TAGTCCTTAG CCAGACGAATTCGTGGTGG
backup,C12,B-FIP-TTCTGGATCG,TCTGGCCCAGTTCCTAGGTAGT TTCTGGATCG CCAGACGAATTCGTGGTGG
backup,D1,B-FIP-TCAACAAGGT,TCTGGCCCAGTTCCTAGGTAGT TCAACAAGGT CCAGACGAATTCGTGGTGG
backup,D2,B-FIP-CAGATATGAC,TCTGGCCCAGTTCCTAGGTAGT CAGATATGAC CCAGACGAATTCGTGGTGG
backup,D3,B-FIP-AGAACGTGGT,TCTGGCCCAGTTCCTAGGTAGT AGAACGTGGT CCAGACGAATTCGTGGTGG
backup,D4,B-FIP-GTCAGGAGAT,TCTGGCCCAGTTCCTAGGTAGT GTCAGGAGAT CCAGACGAATTCGTGGTGG