AACGACATAATCTTGC	A	0	14225
AACGACATAATCTTGC	A	1	2203
AACGACATAATCTTGC	A	3	1
AACGACATAATCTTGC	A	4	101
AACGACATAGTTGCGC	A	2	246
AACGACATAGTTGCGC	A	3	21393
AACGACATCAGATCTT	A	0	4
AACGACATCAGATCTT	A	1	2
AACGACATCAGATCTT	A	2	57
AACGACATCAGATCTT	A	3	306
AACGACATCAGATCTT	A	4	94
AACGACATCAGATTAC	A	0	3655
AACGACATCAGATTAC	A	1	477
AACGACATCAGATTAC	A	4	23
AACGACATCATCTGAG	A	0	20033
AACGACATCATCTGAG	A	1	2382
AACGACATCATCTGAG	A	4	34
AACGACATCTGTTACA	A	2	52
AACGACATCTGTTACA	A	3	484
AACGACATCTGTTACA	A	4	52
AACGACATGAGGGCAT	A	0	5574
AACGACATGAGGGCAT	A	1	665
AACGACATGAGGGCAT	A	4	27
AACGACATTCATGACA	A	2	79
AACGACATTCATGACA	A	3	238
AACGACATTCATGACA	A	4	133
AACGTGGCAATCTTGC	A	0	2476
AACGTGGCAATCTTGC	A	1	801
AACGTGGCAATCTTGC	A	4	25
AACGTGGCAGTTGCGC	A	2	56
AACGTGGCAGTTGCGC	A	3	2242
AACGTGGCCAGATCTT	A	2	153
AACGTGGCCAGATCTT	A	3	593
AACGTGGCCAGATCTT	A	4	21
AACGTGGCCAGATTAC	A	0	170
AACGTGGCCAGATTAC	A	1	60
AACGTGGCCAGATTAC	A	4	51
AACGTGGCCATCTGAG	A	0	870
AACGTGGCCATCTGAG	A	1	412
AACGTGGCCATCTGAG	A	4	55
AACGTGGCCTGTTACA	A	2	174
AACGTGGCCTGTTACA	A	3	15859
AACGTGGCCTGTTACA	A	4	1
AACGTGGCGAGGGCAT	A	0	308
AACGTGGCGAGGGCAT	A	1	118
AACGTGGCGAGGGCAT	A	4	14
AACGTGGCTCATGACA	A	2	690
AACGTGGCTCATGACA	A	3	40448
AACGTGGCTCATGACA	A	4	22
AAGCTCCTAATCTTGC	A	0	276883
AAGCTCCTAATCTTGC	A	1	6914
AAGCTCCTAATCTTGC	A	2	1
AAGCTCCTAATCTTGC	A	4	39
AAGCTCCTAGTTGCGC	A	0	1
AAGCTCCTAGTTGCGC	A	2	35980
AAGCTCCTAGTTGCGC	A	3	11362
AAGCTCCTAGTTGCGC	A	4	3
AAGCTCCTCAGATCTT	A	0	39
AAGCTCCTCAGATCTT	A	1	1
AAGCTCCTCAGATCTT	A	2	264848
AAGCTCCTCAGATCTT	A	3	33775
AAGCTCCTCAGATCTT	A	4	69
AAGCTCCTCAGATTAC	A	0	338052
AAGCTCCTCAGATTAC	A	1	10792
AAGCTCCTCAGATTAC	A	2	3
AAGCTCCTCAGATTAC	A	4	35
AAGCTCCTCATCTGAG	A	0	496156
AAGCTCCTCATCTGAG	A	1	14517
AAGCTCCTCATCTGAG	A	4	23
AAGCTCCTCTGTTACA	A	0	1
AAGCTCCTCTGTTACA	A	2	69711
AAGCTCCTCTGTTACA	A	3	4867
AAGCTCCTCTGTTACA	A	4	36
AAGCTCCTGAGGGCAT	A	0	443464
AAGCTCCTGAGGGCAT	A	1	11511
AAGCTCCTGAGGGCAT	A	2	4
AAGCTCCTGAGGGCAT	A	4	21
AAGCTCCTTCATGACA	A	0	1
AAGCTCCTTCATGACA	A	2	270969
AAGCTCCTTCATGACA	A	3	13022
AAGCTCCTTCATGACA	A	4	52
AAGTGTGTAATCTTGC	A	0	6495
AAGTGTGTAATCTTGC	A	1	489
AAGTGTGTAATCTTGC	A	4	4
AAGTGTGTAGTTGCGC	A	2	189
AAGTGTGTAGTTGCGC	A	3	9389
AAGTGTGTAGTTGCGC	A	4	1
AAGTGTGTCAGATCTT	A	2	160
AAGTGTGTCAGATCTT	A	3	3249
AAGTGTGTCAGATCTT	A	4	7
AAGTGTGTCAGATTAC	A	0	171
AAGTGTGTCAGATTAC	A	1	25
AAGTGTGTCATCTGAG	A	0	5539
AAGTGTGTCATCTGAG	A	1	648
AAGTGTGTCATCTGAG	A	4	2
AAGTGTGTCTGTTACA	A	2	93
AAGTGTGTCTGTTACA	A	3	2286
AAGTGTGTCTGTTACA	A	4	3
AAGTGTGTGAGGGCAT	A	0	520
AAGTGTGTGAGGGCAT	A	1	38
AAGTGTGTTCATGACA	A	2	223
AAGTGTGTTCATGACA	A	3	5203
AAGTGTGTTCATGACA	A	4	3
AATCGTCTAATCTTGC	A	0	1
AATCGTCTAATCTTGC	A	1	70
AATCGTCTAGTTGCGC	A	1	1
AATCGTCTAGTTGCGC	A	2	368
AATCGTCTAGTTGCGC	A	3	70769
AATCGTCTAGTTGCGC	A	4	1
AATCGTCTCAGATCTT	A	1	2
AATCGTCTCAGATCTT	A	2	265
AATCGTCTCAGATCTT	A	3	41829
AATCGTCTCAGATCTT	A	4	5
AATCGTCTCAGATTAC	A	0	277
AATCGTCTCAGATTAC	A	1	24515
AATCGTCTCAGATTAC	A	4	4
AATCGTCTCATCTGAG	A	0	702
AATCGTCTCATCTGAG	A	1	110638
AATCGTCTCATCTGAG	A	4	5
AATCGTCTCTGTTACA	A	2	2308
AATCGTCTCTGTTACA	A	3	110128
AATCGTCTCTGTTACA	A	4	3
AATCGTCTGAGGGCAT	A	0	42
AATCGTCTGAGGGCAT	A	1	16507
AATCGTCTGAGGGCAT	A	4	5
AATCGTCTTCATGACA	A	2	126
AATCGTCTTCATGACA	A	3	166379
AATCGTCTTCATGACA	A	4	9
ACCTTGATAATCTTGC	A	0	5878
ACCTTGATAATCTTGC	A	1	819
ACCTTGATAATCTTGC	A	3	2
ACCTTGATAATCTTGC	A	4	32
ACCTTGATAGTTGCGC	A	2	42517
ACCTTGATAGTTGCGC	A	3	24907
ACCTTGATAGTTGCGC	A	4	2
ACCTTGATCAGATCTT	A	0	25
ACCTTGATCAGATCTT	A	1	3
ACCTTGATCAGATCTT	A	2	50236
ACCTTGATCAGATCTT	A	3	244672
ACCTTGATCAGATCTT	A	4	42
ACCTTGATCAGATTAC	A	0	212643
ACCTTGATCAGATTAC	A	1	29943
ACCTTGATCAGATTAC	A	2	2
ACCTTGATCAGATTAC	A	3	2
ACCTTGATCAGATTAC	A	4	31
ACCTTGATCATCTGAG	A	0	367956
ACCTTGATCATCTGAG	A	1	60744
ACCTTGATCATCTGAG	A	3	1
ACCTTGATCATCTGAG	A	4	38
ACCTTGATCTGTTACA	A	0	2
ACCTTGATCTGTTACA	A	2	67801
ACCTTGATCTGTTACA	A	3	44240
ACCTTGATCTGTTACA	A	4	17
ACCTTGATGAGGGCAT	A	0	284208
ACCTTGATGAGGGCAT	A	1	37706
ACCTTGATGAGGGCAT	A	2	3
ACCTTGATGAGGGCAT	A	3	7
ACCTTGATGAGGGCAT	A	4	28
ACCTTGATTCATGACA	A	2	71793
ACCTTGATTCATGACA	A	3	159520
ACCTTGATTCATGACA	A	4	40
ACGCCAAGAATCTTGC	A	0	2961
ACGCCAAGAATCTTGC	A	1	6369
ACGCCAAGAATCTTGC	A	3	1
ACGCCAAGAATCTTGC	A	4	87
ACGCCAAGAGTTGCGC	A	2	7835
ACGCCAAGAGTTGCGC	A	3	68361
ACGCCAAGAGTTGCGC	A	4	8
ACGCCAAGCAGATCTT	A	0	4
ACGCCAAGCAGATCTT	A	1	17
ACGCCAAGCAGATCTT	A	2	27236
ACGCCAAGCAGATCTT	A	3	125159
ACGCCAAGCAGATCTT	A	4	150
ACGCCAAGCAGATTAC	A	0	161
ACGCCAAGCAGATTAC	A	1	306
ACGCCAAGCAGATTAC	A	3	1
ACGCCAAGCAGATTAC	A	4	81
ACGCCAAGCATCTGAG	A	0	107595
ACGCCAAGCATCTGAG	A	1	249676
ACGCCAAGCATCTGAG	A	4	42
ACGCCAAGCTGTTACA	A	2	29542
ACGCCAAGCTGTTACA	A	3	92829
ACGCCAAGCTGTTACA	A	4	82
ACGCCAAGGAGGGCAT	A	0	75758
ACGCCAAGGAGGGCAT	A	1	179208
ACGCCAAGGAGGGCAT	A	3	4
ACGCCAAGGAGGGCAT	A	4	18
ACGCCAAGTCATGACA	A	2	29912
ACGCCAAGTCATGACA	A	3	152496
ACGCCAAGTCATGACA	A	4	80
ACTGGGTTAATCTTGC	A	0	13
ACTGGGTTAATCTTGC	A	1	437
ACTGGGTTAATCTTGC	A	3	1
ACTGGGTTAATCTTGC	A	4	72
ACTGGGTTAGTTGCGC	A	2	459
ACTGGGTTAGTTGCGC	A	3	64314
ACTGGGTTAGTTGCGC	A	4	11
ACTGGGTTCAGATCTT	A	1	9
ACTGGGTTCAGATCTT	A	2	3920
ACTGGGTTCAGATCTT	A	3	160542
ACTGGGTTCAGATCTT	A	4	117
ACTGGGTTCAGATTAC	A	0	109
ACTGGGTTCAGATTAC	A	1	240177
ACTGGGTTCAGATTAC	A	3	1
ACTGGGTTCAGATTAC	A	4	59
ACTGGGTTCATCTGAG	A	0	117
ACTGGGTTCATCTGAG	A	1	319928
ACTGGGTTCATCTGAG	A	3	1
ACTGGGTTCATCTGAG	A	4	51
ACTGGGTTCTGTTACA	A	1	1
ACTGGGTTCTGTTACA	A	2	263
ACTGGGTTCTGTTACA	A	3	100393
ACTGGGTTCTGTTACA	A	4	90
ACTGGGTTGAGGGCAT	A	0	39
ACTGGGTTGAGGGCAT	A	1	87683
ACTGGGTTGAGGGCAT	A	3	4
ACTGGGTTGAGGGCAT	A	4	43
ACTGGGTTTCATGACA	A	2	5784
ACTGGGTTTCATGACA	A	3	178367
ACTGGGTTTCATGACA	A	4	101
AGATCTCGAATCTTGC	A	0	1855
AGATCTCGAATCTTGC	A	1	2121
AGATCTCGAATCTTGC	A	4	11
AGATCTCGAGTTGCGC	A	2	13102
AGATCTCGAGTTGCGC	A	3	37646
AGATCTCGAGTTGCGC	A	4	3
AGATCTCGCAGATCTT	A	0	4
AGATCTCGCAGATCTT	A	1	22
AGATCTCGCAGATCTT	A	2	105632
AGATCTCGCAGATCTT	A	3	97724
AGATCTCGCAGATCTT	A	4	32
AGATCTCGCAGATTAC	A	0	12659
AGATCTCGCAGATTAC	A	1	20050
AGATCTCGCAGATTAC	A	4	12
AGATCTCGCATCTGAG	A	0	148966
AGATCTCGCATCTGAG	A	1	162724
AGATCTCGCATCTGAG	A	4	6
AGATCTCGCTGTTACA	A	2	56658
AGATCTCGCTGTTACA	A	3	25878
AGATCTCGCTGTTACA	A	4	9
AGATCTCGGAGGGCAT	A	0	103250
AGATCTCGGAGGGCAT	A	1	180599
AGATCTCGGAGGGCAT	A	2	1
AGATCTCGGAGGGCAT	A	3	1
AGATCTCGGAGGGCAT	A	4	6
AGATCTCGTCATGACA	A	2	131964
AGATCTCGTCATGACA	A	3	82899
AGATCTCGTCATGACA	A	4	20
AGCCAAGAAATCTTGC	A	0	1024
AGCCAAGAAATCTTGC	A	1	393
AGCCAAGAAATCTTGC	A	4	12602
AGCCAAGAAGTTGCGC	A	2	68
AGCCAAGAAGTTGCGC	A	3	6808
AGCCAAGAAGTTGCGC	A	4	1
AGCCAAGACAGATCTT	A	2	40
AGCCAAGACAGATCTT	A	3	325
AGCCAAGACAGATCTT	A	4	6000
AGCCAAGACAGATTAC	A	0	153
AGCCAAGACAGATTAC	A	1	181
AGCCAAGACAGATTAC	A	4	9364
AGCCAAGACATCTGAG	A	0	1657
AGCCAAGACATCTGAG	A	1	1008
AGCCAAGACATCTGAG	A	4	11430
AGCCAAGACTGTTACA	A	2	37
AGCCAAGACTGTTACA	A	3	1528
AGCCAAGACTGTTACA	A	4	5
AGCCAAGAGAGGGCAT	A	0	255
AGCCAAGAGAGGGCAT	A	1	348
AGCCAAGAGAGGGCAT	A	4	12482
AGCCAAGATCATGACA	A	2	51
AGCCAAGATCATGACA	A	3	478
AGCCAAGATCATGACA	A	4	1485
AGCCCTACAATCTTGC	A	0	3399
AGCCCTACAATCTTGC	A	1	281571
AGCCCTACAATCTTGC	A	4	35
AGCCCTACAGTTGCGC	A	2	90
AGCCCTACAGTTGCGC	A	3	42156
AGCCCTACCAGATCTT	A	1	17
AGCCCTACCAGATCTT	A	2	178
AGCCCTACCAGATCTT	A	3	165448
AGCCCTACCAGATCTT	A	4	41
AGCCCTACCAGATTAC	A	0	39
AGCCCTACCAGATTAC	A	1	107025
AGCCCTACCAGATTAC	A	4	49
AGCCCTACCATCTGAG	A	0	455
AGCCCTACCATCTGAG	A	1	86215
AGCCCTACCATCTGAG	A	4	34
AGCCCTACCTGTTACA	A	2	126
AGCCCTACCTGTTACA	A	3	143743
AGCCCTACCTGTTACA	A	4	12
AGCCCTACGAGGGCAT	A	0	1434
AGCCCTACGAGGGCAT	A	1	256875
AGCCCTACGAGGGCAT	A	3	4
AGCCCTACGAGGGCAT	A	4	28
AGCCCTACTCATGACA	A	2	154
AGCCCTACTCATGACA	A	3	157496
AGCCCTACTCATGACA	A	4	33
AGGATTGCAATCTTGC	A	0	10117
AGGATTGCAATCTTGC	A	1	1188
AGGATTGCAATCTTGC	A	4	8
AGGATTGCAGTTGCGC	A	2	619
AGGATTGCAGTTGCGC	A	3	45262
AGGATTGCCAGATCTT	A	2	36
AGGATTGCCAGATCTT	A	3	575
AGGATTGCCAGATCTT	A	4	6
AGGATTGCCAGATTAC	A	0	351
AGGATTGCCAGATTAC	A	1	32
AGGATTGCCAGATTAC	A	4	3
AGGATTGCCATCTGAG	A	0	3978
AGGATTGCCATCTGAG	A	1	274
AGGATTGCCATCTGAG	A	4	5
AGGATTGCCTGTTACA	A	2	968
AGGATTGCCTGTTACA	A	3	17123
AGGATTGCCTGTTACA	A	4	3
AGGATTGCGAGGGCAT	A	0	738
AGGATTGCGAGGGCAT	A	1	50
AGGATTGCGAGGGCAT	A	4	2
AGGATTGCTCATGACA	A	2	65
AGGATTGCTCATGACA	A	3	1108
AGGATTGCTCATGACA	A	4	8
AGGGACTGAATCTTGC	A	0	82
AGGGACTGAATCTTGC	A	1	260631
AGGGACTGAATCTTGC	A	3	2
AGGGACTGAATCTTGC	A	4	34
AGGGACTGAGTTGCGC	A	2	172
AGGGACTGAGTTGCGC	A	3	48263
AGGGACTGAGTTGCGC	A	4	3
AGGGACTGCAGATCTT	A	1	15
AGGGACTGCAGATCTT	A	2	2962
AGGGACTGCAGATCTT	A	3	214650
AGGGACTGCAGATCTT	A	4	40
AGGGACTGCAGATTAC	A	0	3953
AGGGACTGCAGATTAC	A	1	187183
AGGGACTGCAGATTAC	A	3	2
AGGGACTGCAGATTAC	A	4	34
AGGGACTGCATCTGAG	A	0	6845
AGGGACTGCATCTGAG	A	1	294456
AGGGACTGCATCTGAG	A	4	30
AGGGACTGCTGTTACA	A	2	5171
AGGGACTGCTGTTACA	A	3	70128
AGGGACTGCTGTTACA	A	4	23
AGGGACTGGAGGGCAT	A	0	406
AGGGACTGGAGGGCAT	A	1	69023
AGGGACTGGAGGGCAT	A	3	6
AGGGACTGGAGGGCAT	A	4	24
AGGGACTGTCATGACA	A	2	4360
AGGGACTGTCATGACA	A	3	144009
AGGGACTGTCATGACA	A	4	30
AGGGTCCAAATCTTGC	A	0	216818
AGGGTCCAAATCTTGC	A	1	4325
AGGGTCCAAATCTTGC	A	2	2
AGGGTCCAAATCTTGC	A	4	62
AGGGTCCAAGTTGCGC	A	0	1
AGGGTCCAAGTTGCGC	A	2	60422
AGGGTCCAAGTTGCGC	A	3	6534
AGGGTCCAAGTTGCGC	A	4	2
AGGGTCCACAGATCTT	A	0	34
AGGGTCCACAGATCTT	A	1	3
AGGGTCCACAGATCTT	A	2	308327
AGGGTCCACAGATCTT	A	3	4634
AGGGTCCACAGATCTT	A	4	83
AGGGTCCACAGATTAC	A	0	303367
AGGGTCCACAGATTAC	A	1	4740
AGGGTCCACAGATTAC	A	2	1
AGGGTCCACAGATTAC	A	4	48
AGGGTCCACATCTGAG	A	0	468267
AGGGTCCACATCTGAG	A	1	8452
AGGGTCCACATCTGAG	A	2	1
AGGGTCCACATCTGAG	A	4	44
AGGGTCCACTGTTACA	A	0	1
AGGGTCCACTGTTACA	A	2	111494
AGGGTCCACTGTTACA	A	3	1017
AGGGTCCACTGTTACA	A	4	36
AGGGTCCAGAGGGCAT	A	0	387293
AGGGTCCAGAGGGCAT	A	1	6940
AGGGTCCAGAGGGCAT	A	2	5
AGGGTCCAGAGGGCAT	A	4	30
AGGGTCCATCATGACA	A	0	1
AGGGTCCATCATGACA	A	2	247730
AGGGTCCATCATGACA	A	3	5242
AGGGTCCATCATGACA	A	4	58
AGTTGATGAATCTTGC	A	0	23
AGTTGATGAATCTTGC	A	1	161
AGTTGATGAATCTTGC	A	4	30
AGTTGATGAGTTGCGC	A	1	1
AGTTGATGAGTTGCGC	A	2	4599
AGTTGATGAGTTGCGC	A	3	64005
AGTTGATGAGTTGCGC	A	4	4
AGTTGATGCAGATCTT	A	0	1
AGTTGATGCAGATCTT	A	1	12
AGTTGATGCAGATCTT	A	2	68329
AGTTGATGCAGATCTT	A	3	150190
AGTTGATGCAGATCTT	A	4	45
AGTTGATGCAGATTAC	A	0	46670
AGTTGATGCAGATTAC	A	1	149838
AGTTGATGCAGATTAC	A	3	1
AGTTGATGCAGATTAC	A	4	24
AGTTGATGCATCTGAG	A	0	38393
AGTTGATGCATCTGAG	A	1	171673
AGTTGATGCATCTGAG	A	4	23
AGTTGATGCTGTTACA	A	0	2
AGTTGATGCTGTTACA	A	1	1
AGTTGATGCTGTTACA	A	2	19397
AGTTGATGCTGTTACA	A	3	20626
AGTTGATGCTGTTACA	A	4	19
AGTTGATGGAGGGCAT	A	0	18099
AGTTGATGGAGGGCAT	A	1	66242
AGTTGATGGAGGGCAT	A	2	2
AGTTGATGGAGGGCAT	A	3	2
AGTTGATGGAGGGCAT	A	4	19
AGTTGATGTCATGACA	A	2	73251
AGTTGATGTCATGACA	A	3	138146
AGTTGATGTCATGACA	A	4	40
ATACATGGAATCTTGC	A	0	3755
ATACATGGAATCTTGC	A	1	1151
ATACATGGAATCTTGC	A	4	18
ATACATGGAGTTGCGC	A	2	471
ATACATGGAGTTGCGC	A	3	54350
ATACATGGCAGATCTT	A	2	25
ATACATGGCAGATCTT	A	3	609
ATACATGGCAGATCTT	A	4	15
ATACATGGCAGATTAC	A	0	107
ATACATGGCAGATTAC	A	1	37
ATACATGGCAGATTAC	A	4	7
ATACATGGCATCTGAG	A	0	2827
ATACATGGCATCTGAG	A	1	1023
ATACATGGCATCTGAG	A	3	1
ATACATGGCATCTGAG	A	4	11
ATACATGGCTGTTACA	A	2	28
ATACATGGCTGTTACA	A	3	323
ATACATGGCTGTTACA	A	4	2
ATACATGGGAGGGCAT	A	0	1400
ATACATGGGAGGGCAT	A	1	352
ATACATGGGAGGGCAT	A	4	4
ATACATGGTCATGACA	A	2	348
ATACATGGTCATGACA	A	3	14722
ATACATGGTCATGACA	A	4	17
ATACTGAGAATCTTGC	A	0	139
ATACTGAGAATCTTGC	A	1	9879
ATACTGAGAATCTTGC	A	4	14
ATACTGAGAGTTGCGC	A	1	1
ATACTGAGAGTTGCGC	A	2	78
ATACTGAGAGTTGCGC	A	3	53666
ATACTGAGCAGATCTT	A	1	23
ATACTGAGCAGATCTT	A	2	211
ATACTGAGCAGATCTT	A	3	110260
ATACTGAGCAGATCTT	A	4	15
ATACTGAGCAGATTAC	A	0	403
ATACTGAGCAGATTAC	A	1	55915
ATACTGAGCAGATTAC	A	2	1
ATACTGAGCAGATTAC	A	3	1
ATACTGAGCAGATTAC	A	4	10
ATACTGAGCATCTGAG	A	0	419
ATACTGAGCATCTGAG	A	1	27787
ATACTGAGCATCTGAG	A	4	7
ATACTGAGCTGTTACA	A	2	123
ATACTGAGCTGTTACA	A	3	83931
ATACTGAGCTGTTACA	A	4	5
ATACTGAGGAGGGCAT	A	0	347
ATACTGAGGAGGGCAT	A	1	203692
ATACTGAGGAGGGCAT	A	4	9
ATACTGAGTCATGACA	A	1	1
ATACTGAGTCATGACA	A	2	299
ATACTGAGTCATGACA	A	3	175518
ATACTGAGTCATGACA	A	4	9
ATCATCCTAATCTTGC	A	0	1895
ATCATCCTAATCTTGC	A	1	30302
ATCATCCTAATCTTGC	A	3	2
ATCATCCTAATCTTGC	A	4	22
ATCATCCTAGTTGCGC	A	2	102
ATCATCCTAGTTGCGC	A	3	15790
ATCATCCTAGTTGCGC	A	4	1
ATCATCCTCAGATCTT	A	0	2
ATCATCCTCAGATCTT	A	1	12
ATCATCCTCAGATCTT	A	2	1568
ATCATCCTCAGATCTT	A	3	120627
ATCATCCTCAGATCTT	A	4	18
ATCATCCTCAGATTAC	A	0	5503
ATCATCCTCAGATTAC	A	1	83368
ATCATCCTCAGATTAC	A	4	15
ATCATCCTCATCTGAG	A	0	9170
ATCATCCTCATCTGAG	A	1	299912
ATCATCCTCATCTGAG	A	3	1
ATCATCCTCATCTGAG	A	4	16
ATCATCCTCTGTTACA	A	2	471
ATCATCCTCTGTTACA	A	3	18830
ATCATCCTCTGTTACA	A	4	6
ATCATCCTGAGGGCAT	A	0	6723
ATCATCCTGAGGGCAT	A	1	84298
ATCATCCTGAGGGCAT	A	3	1
ATCATCCTGAGGGCAT	A	4	19
ATCATCCTTCATGACA	A	0	1
ATCATCCTTCATGACA	A	2	6187
ATCATCCTTCATGACA	A	3	186868
ATCATCCTTCATGACA	A	4	20
ATGCACAAAATCTTGC	A	0	399871
ATGCACAAAATCTTGC	A	1	17710
ATGCACAAAATCTTGC	A	4	40
ATGCACAAAGTTGCGC	A	0	1
ATGCACAAAGTTGCGC	A	2	83066
ATGCACAAAGTTGCGC	A	3	15063
ATGCACAAAGTTGCGC	A	4	1
ATGCACAACAGATCTT	A	0	60
ATGCACAACAGATCTT	A	1	5
ATGCACAACAGATCTT	A	2	285987
ATGCACAACAGATCTT	A	3	30305
ATGCACAACAGATCTT	A	4	36
ATGCACAACAGATTAC	A	0	342563
ATGCACAACAGATTAC	A	1	15675
ATGCACAACAGATTAC	A	2	5
ATGCACAACAGATTAC	A	4	40
ATGCACAACATCTGAG	A	0	184409
ATGCACAACATCTGAG	A	1	12611
ATGCACAACATCTGAG	A	4	47
ATGCACAACTGTTACA	A	2	168828
ATGCACAACTGTTACA	A	3	10217
ATGCACAACTGTTACA	A	4	24
ATGCACAAGAGGGCAT	A	0	387775
ATGCACAAGAGGGCAT	A	1	19247
ATGCACAAGAGGGCAT	A	2	3
ATGCACAAGAGGGCAT	A	4	34
ATGCACAATCATGACA	A	2	282386
ATGCACAATCATGACA	A	3	30245
ATGCACAATCATGACA	A	4	44
ATGCATTCAATCTTGC	A	0	80730
ATGCATTCAATCTTGC	A	1	3899
ATGCATTCAATCTTGC	A	4	38
ATGCATTCAGTTGCGC	A	0	1
ATGCATTCAGTTGCGC	A	2	66205
ATGCATTCAGTTGCGC	A	3	4919
ATGCATTCAGTTGCGC	A	4	2
ATGCATTCCAGATCTT	A	0	28
ATGCATTCCAGATCTT	A	1	2
ATGCATTCCAGATCTT	A	2	300953
ATGCATTCCAGATCTT	A	3	15073
ATGCATTCCAGATCTT	A	4	27
ATGCATTCCAGATTAC	A	0	298283
ATGCATTCCAGATTAC	A	1	14059
ATGCATTCCAGATTAC	A	2	2
ATGCATTCCAGATTAC	A	4	28
ATGCATTCCATCTGAG	A	0	445718
ATGCATTCCATCTGAG	A	1	27168
ATGCATTCCATCTGAG	A	4	28
ATGCATTCCTGTTACA	A	2	99284
ATGCATTCCTGTTACA	A	3	2059
ATGCATTCCTGTTACA	A	4	19
ATGCATTCGAGGGCAT	A	0	362451
ATGCATTCGAGGGCAT	A	1	16309
ATGCATTCGAGGGCAT	A	2	1
ATGCATTCGAGGGCAT	A	4	21
ATGCATTCTCATGACA	A	0	1
ATGCATTCTCATGACA	A	2	253844
ATGCATTCTCATGACA	A	3	7252
ATGCATTCTCATGACA	A	4	37
ATGGTGAAAATCTTGC	A	0	339993
ATGGTGAAAATCTTGC	A	1	57702
ATGGTGAAAATCTTGC	A	2	1
ATGGTGAAAATCTTGC	A	4	41
ATGGTGAAAGTTGCGC	A	2	58536
ATGGTGAAAGTTGCGC	A	3	20349
ATGGTGAAAGTTGCGC	A	4	6
ATGGTGAACAGATCTT	A	0	28
ATGGTGAACAGATCTT	A	1	7
ATGGTGAACAGATCTT	A	2	271133
ATGGTGAACAGATCTT	A	3	38625
ATGGTGAACAGATCTT	A	4	59
ATGGTGAACAGATTAC	A	0	281032
ATGGTGAACAGATTAC	A	1	37630
ATGGTGAACAGATTAC	A	2	2
ATGGTGAACAGATTAC	A	4	40
ATGGTGAACATCTGAG	A	0	289108
ATGGTGAACATCTGAG	A	1	52486
ATGGTGAACATCTGAG	A	4	39
ATGGTGAACTGTTACA	A	0	1
ATGGTGAACTGTTACA	A	2	102916
ATGGTGAACTGTTACA	A	3	6982
ATGGTGAACTGTTACA	A	4	19
ATGGTGAAGAGGGCAT	A	0	344883
ATGGTGAAGAGGGCAT	A	1	53374
ATGGTGAAGAGGGCAT	A	2	2
ATGGTGAAGAGGGCAT	A	4	28
ATGGTGAATCATGACA	A	2	258523
ATGGTGAATCATGACA	A	3	30675
ATGGTGAATCATGACA	A	4	43
CAACGGGAAATCTTGC	A	0	8286
CAACGGGAAATCTTGC	A	1	1024
CAACGGGAAATCTTGC	A	4	27
CAACGGGAAGTTGCGC	A	2	1185
CAACGGGAAGTTGCGC	A	3	78284
CAACGGGAAGTTGCGC	A	4	2
CAACGGGACAGATCTT	A	0	2
CAACGGGACAGATCTT	A	2	455
CAACGGGACAGATCTT	A	3	10784
CAACGGGACAGATCTT	A	4	13
CAACGGGACAGATTAC	A	0	726
CAACGGGACAGATTAC	A	1	151
CAACGGGACAGATTAC	A	4	6
CAACGGGACATCTGAG	A	0	25563
CAACGGGACATCTGAG	A	1	2291
CAACGGGACATCTGAG	A	4	16
CAACGGGACTGTTACA	A	2	1939
CAACGGGACTGTTACA	A	3	50923
CAACGGGACTGTTACA	A	4	18
CAACGGGAGAGGGCAT	A	0	5965
CAACGGGAGAGGGCAT	A	1	478
CAACGGGAGAGGGCAT	A	4	16
CAACGGGATCATGACA	A	2	385
CAACGGGATCATGACA	A	3	6685
CAACGGGATCATGACA	A	4	43
CACGAACTAATCTTGC	A	0	22925
CACGAACTAATCTTGC	A	1	183978
CACGAACTAATCTTGC	A	4	23
CACGAACTAGTTGCGC	A	2	1133
CACGAACTAGTTGCGC	A	3	54240
CACGAACTAGTTGCGC	A	4	1
CACGAACTCAGATCTT	A	0	3
CACGAACTCAGATCTT	A	1	35
CACGAACTCAGATCTT	A	2	9811
CACGAACTCAGATCTT	A	3	74146
CACGAACTCAGATCTT	A	4	36
CACGAACTCAGATTAC	A	0	20625
CACGAACTCAGATTAC	A	1	178783
CACGAACTCAGATTAC	A	4	27
CACGAACTCATCTGAG	A	0	4260
CACGAACTCATCTGAG	A	1	125668
CACGAACTCATCTGAG	A	4	21
CACGAACTCTGTTACA	A	2	22473
CACGAACTCTGTTACA	A	3	94511
CACGAACTCTGTTACA	A	4	22
CACGAACTGAGGGCAT	A	0	16092
CACGAACTGAGGGCAT	A	1	243996
CACGAACTGAGGGCAT	A	3	1
CACGAACTGAGGGCAT	A	4	21
CACGAACTTCATGACA	A	2	4046
CACGAACTTCATGACA	A	3	32919
CACGAACTTCATGACA	A	4	23
CAGCACAGAATCTTGC	A	0	34915
CAGCACAGAATCTTGC	A	1	647
CAGCACAGAATCTTGC	A	4	24
CAGCACAGAGTTGCGC	A	2	56612
CAGCACAGAGTTGCGC	A	3	5487
CAGCACAGCAGATCTT	A	0	34
CAGCACAGCAGATCTT	A	1	3
CAGCACAGCAGATCTT	A	2	325689
CAGCACAGCAGATCTT	A	3	13500
CAGCACAGCAGATCTT	A	4	40
CAGCACAGCAGATTAC	A	0	285438
CAGCACAGCAGATTAC	A	1	5566
CAGCACAGCAGATTAC	A	2	4
CAGCACAGCAGATTAC	A	4	16
CAGCACAGCATCTGAG	A	0	460624
CAGCACAGCATCTGAG	A	1	9739
CAGCACAGCATCTGAG	A	4	15
CAGCACAGCTGTTACA	A	2	98165
CAGCACAGCTGTTACA	A	3	791
CAGCACAGCTGTTACA	A	4	10
CAGCACAGGAGGGCAT	A	0	405349
CAGCACAGGAGGGCAT	A	1	5929
CAGCACAGGAGGGCAT	A	2	3
CAGCACAGGAGGGCAT	A	4	17
CAGCACAGTCATGACA	A	2	250807
CAGCACAGTCATGACA	A	3	4860
CAGCACAGTCATGACA	A	4	28
CATCCAACAATCTTGC	A	0	859
CATCCAACAATCTTGC	A	1	183
CATCCAACAATCTTGC	A	4	1
CATCCAACAGTTGCGC	A	2	54
CATCCAACAGTTGCGC	A	3	10873
CATCCAACAGTTGCGC	A	4	1
CATCCAACCAGATCTT	A	2	90
CATCCAACCAGATCTT	A	3	3974
CATCCAACCAGATCTT	A	4	5
CATCCAACCAGATTAC	A	0	321
CATCCAACCAGATTAC	A	1	76
CATCCAACCAGATTAC	A	4	2
CATCCAACCATCTGAG	A	0	1539
CATCCAACCATCTGAG	A	1	586
CATCCAACCATCTGAG	A	4	1
CATCCAACCTGTTACA	A	2	63
CATCCAACCTGTTACA	A	3	1496
CATCCAACCTGTTACA	A	4	3
CATCCAACGAGGGCAT	A	0	185
CATCCAACGAGGGCAT	A	1	39
CATCCAACGAGGGCAT	A	4	1
CATCCAACTCATGACA	A	2	80
CATCCAACTCATGACA	A	3	1506
CATCCAACTCATGACA	A	4	2
CCAACAATAATCTTGC	A	0	3736
CCAACAATAATCTTGC	A	1	493
CCAACAATAATCTTGC	A	4	63
CCAACAATAGTTGCGC	A	2	473
CCAACAATAGTTGCGC	A	3	58865
CCAACAATAGTTGCGC	A	4	1
CCAACAATCAGATCTT	A	0	3
CCAACAATCAGATCTT	A	2	160
CCAACAATCAGATCTT	A	3	2490
CCAACAATCAGATCTT	A	4	45
CCAACAATCAGATTAC	A	0	422
CCAACAATCAGATTAC	A	1	255
CCAACAATCAGATTAC	A	4	61
CCAACAATCATCTGAG	A	0	16074
CCAACAATCATCTGAG	A	1	3586
CCAACAATCATCTGAG	A	4	43
CCAACAATCTGTTACA	A	0	1
CCAACAATCTGTTACA	A	2	617
CCAACAATCTGTTACA	A	3	27660
CCAACAATCTGTTACA	A	4	63
CCAACAATGAGGGCAT	A	0	2204
CCAACAATGAGGGCAT	A	1	389
CCAACAATGAGGGCAT	A	4	7
CCAACAATTCATGACA	A	2	249
CCAACAATTCATGACA	A	3	6399
CCAACAATTCATGACA	A	4	188
CCATACTTAATCTTGC	A	0	94866
CCATACTTAATCTTGC	A	1	213521
CCATACTTAATCTTGC	A	2	2
CCATACTTAATCTTGC	A	4	22
CCATACTTAGTTGCGC	A	2	17633
CCATACTTAGTTGCGC	A	3	47993
CCATACTTAGTTGCGC	A	4	1
CCATACTTCAGATCTT	A	0	5
CCATACTTCAGATCTT	A	1	30
CCATACTTCAGATCTT	A	2	115411
CCATACTTCAGATCTT	A	3	144185
CCATACTTCAGATCTT	A	4	24
CCATACTTCAGATTAC	A	0	5357
CCATACTTCAGATTAC	A	1	17283
CCATACTTCAGATTAC	A	2	2
CCATACTTCAGATTAC	A	4	18
CCATACTTCATCTGAG	A	0	93134
CCATACTTCATCTGAG	A	1	208983
CCATACTTCATCTGAG	A	4	22
CCATACTTCTGTTACA	A	1	1
CCATACTTCTGTTACA	A	2	43362
CCATACTTCTGTTACA	A	3	56576
CCATACTTCTGTTACA	A	4	9
CCATACTTGAGGGCAT	A	0	90696
CCATACTTGAGGGCAT	A	1	199419
CCATACTTGAGGGCAT	A	2	1
CCATACTTGAGGGCAT	A	3	2
CCATACTTGAGGGCAT	A	4	14
CCATACTTTCATGACA	A	2	94949
CCATACTTTCATGACA	A	3	137379
CCATACTTTCATGACA	A	4	22
CCCGTTAGAATCTTGC	A	0	4923
CCCGTTAGAATCTTGC	A	1	556
CCCGTTAGAATCTTGC	A	4	5
CCCGTTAGAGTTGCGC	A	2	2993
CCCGTTAGAGTTGCGC	A	3	54725
CCCGTTAGCAGATCTT	A	2	151
CCCGTTAGCAGATCTT	A	3	1195
CCCGTTAGCAGATCTT	A	4	1
CCCGTTAGCAGATTAC	A	0	191
CCCGTTAGCAGATTAC	A	1	21
CCCGTTAGCAGATTAC	A	4	3
CCCGTTAGCATCTGAG	A	0	2020
CCCGTTAGCATCTGAG	A	1	229
CCCGTTAGCATCTGAG	A	4	6
CCCGTTAGCTGTTACA	A	2	957
CCCGTTAGCTGTTACA	A	3	5588
CCCGTTAGCTGTTACA	A	4	1
CCCGTTAGGAGGGCAT	A	0	1910
CCCGTTAGGAGGGCAT	A	1	76
CCCGTTAGGAGGGCAT	A	4	1
CCCGTTAGTCATGACA	A	2	4308
CCCGTTAGTCATGACA	A	3	28124
CCCGTTAGTCATGACA	A	4	5
CCCTCAAAAATCTTGC	A	0	36
CCCTCAAAAATCTTGC	A	1	37926
CCCTCAAAAATCTTGC	A	4	14
CCCTCAAAAGTTGCGC	A	2	268
CCCTCAAAAGTTGCGC	A	3	54847
CCCTCAAAAGTTGCGC	A	4	2
CCCTCAAACAGATCTT	A	1	12
CCCTCAAACAGATCTT	A	2	17
CCCTCAAACAGATCTT	A	3	4656
CCCTCAAACAGATCTT	A	4	22
CCCTCAAACAGATTAC	A	0	15
CCCTCAAACAGATTAC	A	1	4400
CCCTCAAACAGATTAC	A	3	1
CCCTCAAACAGATTAC	A	4	15
CCCTCAAACATCTGAG	A	0	124
CCCTCAAACATCTGAG	A	1	313048
CCCTCAAACATCTGAG	A	4	9
CCCTCAAACTGTTACA	A	2	78
CCCTCAAACTGTTACA	A	3	69006
CCCTCAAACTGTTACA	A	4	9
CCCTCAAAGAGGGCAT	A	0	52
CCCTCAAAGAGGGCAT	A	1	121415
CCCTCAAAGAGGGCAT	A	4	8
CCCTCAAATCATGACA	A	2	134
CCCTCAAATCATGACA	A	3	147740
CCCTCAAATCATGACA	A	4	17
CCTCAGGAAATCTTGC	A	0	2
CCTCAGGAAATCTTGC	A	1	384
CCTCAGGAAATCTTGC	A	4	20
CCTCAGGAAGTTGCGC	A	2	46
CCTCAGGAAGTTGCGC	A	3	69557
CCTCAGGAAGTTGCGC	A	4	1
CCTCAGGACAGATCTT	A	1	3
CCTCAGGACAGATCTT	A	2	101
CCTCAGGACAGATCTT	A	3	94102
CCTCAGGACAGATCTT	A	4	15
CCTCAGGACAGATTAC	A	0	6
CCTCAGGACAGATTAC	A	1	27694
CCTCAGGACAGATTAC	A	4	15
CCTCAGGACATCTGAG	A	0	75
CCTCAGGACATCTGAG	A	1	235563
CCTCAGGACATCTGAG	A	4	7
CCTCAGGACTGTTACA	A	2	76
CCTCAGGACTGTTACA	A	3	108218
CCTCAGGACTGTTACA	A	4	9
CCTCAGGAGAGGGCAT	A	0	19
CCTCAGGAGAGGGCAT	A	1	44214
CCTCAGGAGAGGGCAT	A	4	2
CCTCAGGATCATGACA	A	2	137
CCTCAGGATCATGACA	A	3	124311
CCTCAGGATCATGACA	A	4	14
CGACTACGAATCTTGC	A	0	429552
CGACTACGAATCTTGC	A	1	653
CGACTACGAATCTTGC	A	2	2
CGACTACGAATCTTGC	A	4	22
CGACTACGAGTTGCGC	A	2	188340
CGACTACGAGTTGCGC	A	3	311
CGACTACGAGTTGCGC	A	4	3
CGACTACGCAGATCTT	A	0	13
CGACTACGCAGATCTT	A	1	2
CGACTACGCAGATCTT	A	2	319711
CGACTACGCAGATCTT	A	3	305
CGACTACGCAGATCTT	A	4	32
CGACTACGCAGATTAC	A	0	316573
CGACTACGCAGATTAC	A	1	545
CGACTACGCAGATTAC	A	2	8
CGACTACGCAGATTAC	A	4	24
CGACTACGCATCTGAG	A	0	447658
CGACTACGCATCTGAG	A	1	680
CGACTACGCATCTGAG	A	4	17
CGACTACGCTGTTACA	A	2	305488
CGACTACGCTGTTACA	A	3	248
CGACTACGCTGTTACA	A	4	21
CGACTACGGAGGGCAT	A	0	230023
CGACTACGGAGGGCAT	A	1	310
CGACTACGGAGGGCAT	A	2	12
CGACTACGGAGGGCAT	A	3	1
CGACTACGGAGGGCAT	A	4	11
CGACTACGTCATGACA	A	0	1
CGACTACGTCATGACA	A	2	324590
CGACTACGTCATGACA	A	3	368
CGACTACGTCATGACA	A	4	30
CGACTTTAAATCTTGC	A	0	524
CGACTTTAAATCTTGC	A	1	111
CGACTTTAAATCTTGC	A	4	22
CGACTTTAAGTTGCGC	A	2	1097
CGACTTTAAGTTGCGC	A	3	57596
CGACTTTACAGATCTT	A	2	79
CGACTTTACAGATCTT	A	3	9186
CGACTTTACAGATCTT	A	4	10
CGACTTTACAGATTAC	A	0	70
CGACTTTACAGATTAC	A	1	17
CGACTTTACAGATTAC	A	4	5
CGACTTTACATCTGAG	A	0	1827
CGACTTTACATCTGAG	A	1	615
CGACTTTACATCTGAG	A	4	6
CGACTTTACTGTTACA	A	2	36
CGACTTTACTGTTACA	A	3	483
CGACTTTACTGTTACA	A	4	2
CGACTTTAGAGGGCAT	A	0	1106
CGACTTTAGAGGGCAT	A	1	174
CGACTTTAGAGGGCAT	A	4	9
CGACTTTATCATGACA	A	2	115
CGACTTTATCATGACA	A	3	3241
CGACTTTATCATGACA	A	4	9
CGATACCGAATCTTGC	A	0	953
CGATACCGAATCTTGC	A	1	3827
CGATACCGAATCTTGC	A	4	37
CGATACCGAGTTGCGC	A	2	4347
CGATACCGAGTTGCGC	A	3	39089
CGATACCGAGTTGCGC	A	4	3
CGATACCGCAGATCTT	A	0	1
CGATACCGCAGATCTT	A	1	7
CGATACCGCAGATCTT	A	2	41998
CGATACCGCAGATCTT	A	3	203488
CGATACCGCAGATCTT	A	4	29
CGATACCGCAGATTAC	A	0	36725
CGATACCGCAGATTAC	A	1	160879
CGATACCGCAGATTAC	A	3	2
CGATACCGCAGATTAC	A	4	23
CGATACCGCATCTGAG	A	0	55242
CGATACCGCATCTGAG	A	1	246757
CGATACCGCATCTGAG	A	3	1
CGATACCGCATCTGAG	A	4	27
CGATACCGCTGTTACA	A	2	12350
CGATACCGCTGTTACA	A	3	49502
CGATACCGCTGTTACA	A	4	19
CGATACCGGAGGGCAT	A	0	921
CGATACCGGAGGGCAT	A	1	5995
CGATACCGGAGGGCAT	A	3	1
CGATACCGGAGGGCAT	A	4	29
CGATACCGTCATGACA	A	1	1
CGATACCGTCATGACA	A	2	41629
CGATACCGTCATGACA	A	3	110693
CGATACCGTCATGACA	A	4	38
CGATCGATAATCTTGC	A	0	1717
CGATCGATAATCTTGC	A	1	526
CGATCGATAATCTTGC	A	4	18
CGATCGATAGTTGCGC	A	2	211
CGATCGATAGTTGCGC	A	3	20939
CGATCGATCAGATCTT	A	2	1649
CGATCGATCAGATCTT	A	3	71415
CGATCGATCAGATCTT	A	4	4
CGATCGATCAGATTAC	A	0	65
CGATCGATCAGATTAC	A	1	35
CGATCGATCAGATTAC	A	4	12
CGATCGATCATCTGAG	A	0	1452
CGATCGATCATCTGAG	A	1	509
CGATCGATCATCTGAG	A	4	8
CGATCGATCTGTTACA	A	2	230
CGATCGATCTGTTACA	A	3	5169
CGATCGATCTGTTACA	A	4	2
CGATCGATGAGGGCAT	A	0	570
CGATCGATGAGGGCAT	A	1	198
CGATCGATGAGGGCAT	A	3	1
CGATCGATGAGGGCAT	A	4	10
CGATCGATTCATGACA	A	2	294
CGATCGATTCATGACA	A	3	4093
CGATCGATTCATGACA	A	4	6
CGTATGGAAATCTTGC	A	0	1494
CGTATGGAAATCTTGC	A	1	405
CGTATGGAAATCTTGC	A	4	16
CGTATGGAAGTTGCGC	A	2	190
CGTATGGAAGTTGCGC	A	3	45167
CGTATGGAAGTTGCGC	A	4	1
CGTATGGACAGATCTT	A	1	1
CGTATGGACAGATCTT	A	2	89
CGTATGGACAGATCTT	A	3	1759
CGTATGGACAGATCTT	A	4	11
CGTATGGACAGATTAC	A	0	161
CGTATGGACAGATTAC	A	1	4533
CGTATGGACAGATTAC	A	4	11
CGTATGGACATCTGAG	A	0	1347
CGTATGGACATCTGAG	A	1	6246
CGTATGGACATCTGAG	A	4	8
CGTATGGACTGTTACA	A	2	47
CGTATGGACTGTTACA	A	3	921
CGTATGGACTGTTACA	A	4	5
CGTATGGAGAGGGCAT	A	0	215
CGTATGGAGAGGGCAT	A	1	5787
CGTATGGAGAGGGCAT	A	4	7
CGTATGGATCATGACA	A	2	518
CGTATGGATCATGACA	A	3	13674
CGTATGGATCATGACA	A	4	11
CGTCGGTAAATCTTGC	A	0	422
CGTCGGTAAATCTTGC	A	1	169
CGTCGGTAAATCTTGC	A	4	8
CGTCGGTAAGTTGCGC	A	2	1081
CGTCGGTAAGTTGCGC	A	3	70905
CGTCGGTAAGTTGCGC	A	4	1
CGTCGGTACAGATCTT	A	2	337
CGTCGGTACAGATCTT	A	3	6185
CGTCGGTACAGATCTT	A	4	17
CGTCGGTACAGATTAC	A	0	50
CGTCGGTACAGATTAC	A	1	75
CGTCGGTACAGATTAC	A	4	15
CGTCGGTACATCTGAG	A	0	1542
CGTCGGTACATCTGAG	A	1	574
CGTCGGTACATCTGAG	A	4	13
CGTCGGTACTGTTACA	A	2	1199
CGTCGGTACTGTTACA	A	3	29187
CGTCGGTACTGTTACA	A	4	8
CGTCGGTAGAGGGCAT	A	0	212
CGTCGGTAGAGGGCAT	A	1	60
CGTCGGTAGAGGGCAT	A	4	9
CGTCGGTATCATGACA	A	2	180
CGTCGGTATCATGACA	A	3	8205
CGTCGGTATCATGACA	A	4	12
CTACACTGAATCTTGC	A	0	3003
CTACACTGAATCTTGC	A	1	60
CTACACTGAGTTGCGC	A	2	17632
CTACACTGAGTTGCGC	A	3	15879
CTACACTGCAGATCTT	A	2	12200
CTACACTGCAGATCTT	A	3	3973
CTACACTGCAGATCTT	A	4	4
CTACACTGCAGATTAC	A	0	2922
CTACACTGCAGATTAC	A	1	49
CTACACTGCAGATTAC	A	4	3
CTACACTGCATCTGAG	A	0	2349
CTACACTGCATCTGAG	A	1	50
CTACACTGCATCTGAG	A	4	1
CTACACTGCTGTTACA	A	2	106119
CTACACTGCTGTTACA	A	3	42365
CTACACTGCTGTTACA	A	4	4
CTACACTGGAGGGCAT	A	0	4083
CTACACTGGAGGGCAT	A	1	57
CTACACTGGAGGGCAT	A	4	1
CTACACTGTCATGACA	A	2	8675
CTACACTGTCATGACA	A	3	4093
CTACACTGTCATGACA	A	4	4
CTACGGACAATCTTGC	A	0	35754
CTACGGACAATCTTGC	A	1	409
CTACGGACAATCTTGC	A	4	27
CTACGGACAGTTGCGC	A	2	86907
CTACGGACAGTTGCGC	A	3	1645
CTACGGACAGTTGCGC	A	4	4
CTACGGACCAGATCTT	A	0	23
CTACGGACCAGATCTT	A	1	1
CTACGGACCAGATCTT	A	2	314020
CTACGGACCAGATCTT	A	3	6405
CTACGGACCAGATCTT	A	4	61
CTACGGACCAGATTAC	A	0	358074
CTACGGACCAGATTAC	A	1	2396
CTACGGACCAGATTAC	A	2	3
CTACGGACCAGATTAC	A	4	34
CTACGGACCATCTGAG	A	0	456891
CTACGGACCATCTGAG	A	1	5437
CTACGGACCATCTGAG	A	2	1
CTACGGACCATCTGAG	A	4	26
CTACGGACCTGTTACA	A	0	1
CTACGGACCTGTTACA	A	2	139524
CTACGGACCTGTTACA	A	3	1383
CTACGGACCTGTTACA	A	4	29
CTACGGACGAGGGCAT	A	0	413612
CTACGGACGAGGGCAT	A	1	3090
CTACGGACGAGGGCAT	A	2	5
CTACGGACGAGGGCAT	A	4	19
CTACGGACTCATGACA	A	2	282834
CTACGGACTCATGACA	A	3	3045
CTACGGACTCATGACA	A	4	40
CTCTGTAGAATCTTGC	A	0	76690
CTCTGTAGAATCTTGC	A	1	314
CTCTGTAGAATCTTGC	A	2	1
CTCTGTAGAATCTTGC	A	4	7
CTCTGTAGAGTTGCGC	A	2	83222
CTCTGTAGAGTTGCGC	A	3	6440
CTCTGTAGCAGATCTT	A	0	1
CTCTGTAGCAGATCTT	A	2	247138
CTCTGTAGCAGATCTT	A	3	8382
CTCTGTAGCAGATCTT	A	4	14
CTCTGTAGCAGATTAC	A	0	27482
CTCTGTAGCAGATTAC	A	1	128
CTCTGTAGCAGATTAC	A	2	2
CTCTGTAGCAGATTAC	A	4	4
CTCTGTAGCATCTGAG	A	0	132508
CTCTGTAGCATCTGAG	A	1	562
CTCTGTAGCATCTGAG	A	4	2
CTCTGTAGCTGTTACA	A	2	103699
CTCTGTAGCTGTTACA	A	3	3764
CTCTGTAGCTGTTACA	A	4	2
CTCTGTAGGAGGGCAT	A	0	51595
CTCTGTAGGAGGGCAT	A	1	154
CTCTGTAGGAGGGCAT	A	2	3
CTCTGTAGGAGGGCAT	A	4	10
CTCTGTAGTCATGACA	A	2	176487
CTCTGTAGTCATGACA	A	3	6319
CTCTGTAGTCATGACA	A	4	4
CTGAGGTCAATCTTGC	A	0	1044
CTGAGGTCAATCTTGC	A	1	343
CTGAGGTCAATCTTGC	A	4	1
CTGAGGTCAGTTGCGC	A	2	231
CTGAGGTCAGTTGCGC	A	3	16504
CTGAGGTCAGTTGCGC	A	4	2
CTGAGGTCCAGATCTT	A	2	352
CTGAGGTCCAGATCTT	A	3	1523
CTGAGGTCCAGATCTT	A	4	3
CTGAGGTCCAGATTAC	A	0	157
CTGAGGTCCAGATTAC	A	1	48
CTGAGGTCCAGATTAC	A	4	5
CTGAGGTCCATCTGAG	A	0	3408
CTGAGGTCCATCTGAG	A	1	1475
CTGAGGTCCATCTGAG	A	4	2
CTGAGGTCCTGTTACA	A	2	219
CTGAGGTCCTGTTACA	A	3	1304
CTGAGGTCCTGTTACA	A	4	1
CTGAGGTCGAGGGCAT	A	0	184
CTGAGGTCGAGGGCAT	A	1	37
CTGAGGTCTCATGACA	A	2	298
CTGAGGTCTCATGACA	A	3	2723
CTGAGGTCTCATGACA	A	4	1
CTTTGGGTAATCTTGC	A	0	4715
CTTTGGGTAATCTTGC	A	1	1425
CTTTGGGTAATCTTGC	A	3	1
CTTTGGGTAATCTTGC	A	4	28
CTTTGGGTAGTTGCGC	A	2	456
CTTTGGGTAGTTGCGC	A	3	60285
CTTTGGGTCAGATCTT	A	0	3
CTTTGGGTCAGATCTT	A	1	1
CTTTGGGTCAGATCTT	A	2	403
CTTTGGGTCAGATCTT	A	3	1482
CTTTGGGTCAGATCTT	A	4	32
CTTTGGGTCAGATTAC	A	0	937
CTTTGGGTCAGATTAC	A	1	262
CTTTGGGTCAGATTAC	A	4	41
CTTTGGGTCATCTGAG	A	0	1947
CTTTGGGTCATCTGAG	A	1	959
CTTTGGGTCATCTGAG	A	4	38
CTTTGGGTCTGTTACA	A	2	273
CTTTGGGTCTGTTACA	A	3	6868
CTTTGGGTCTGTTACA	A	4	12
CTTTGGGTGAGGGCAT	A	0	17210
CTTTGGGTGAGGGCAT	A	1	3120
CTTTGGGTGAGGGCAT	A	4	22
CTTTGGGTTCATGACA	A	2	358
CTTTGGGTTCATGACA	A	3	1075
CTTTGGGTTCATGACA	A	4	39
GAACGGTGAATCTTGC	A	0	15
GAACGGTGAATCTTGC	A	1	2515
GAACGGTGAATCTTGC	A	3	1
GAACGGTGAATCTTGC	A	4	36
GAACGGTGAGTTGCGC	A	2	82
GAACGGTGAGTTGCGC	A	3	47041
GAACGGTGAGTTGCGC	A	4	2
GAACGGTGCAGATCTT	A	1	6
GAACGGTGCAGATCTT	A	2	129
GAACGGTGCAGATCTT	A	3	415
GAACGGTGCAGATCTT	A	4	27
GAACGGTGCAGATTAC	A	0	35
GAACGGTGCAGATTAC	A	1	95067
GAACGGTGCAGATTAC	A	4	28
GAACGGTGCATCTGAG	A	0	1703
GAACGGTGCATCTGAG	A	1	203402
GAACGGTGCATCTGAG	A	4	12
GAACGGTGCTGTTACA	A	2	1199
GAACGGTGCTGTTACA	A	3	64963
GAACGGTGCTGTTACA	A	4	10
GAACGGTGGAGGGCAT	A	0	4
GAACGGTGGAGGGCAT	A	1	48
GAACGGTGGAGGGCAT	A	4	10
GAACGGTGTCATGACA	A	2	8207
GAACGGTGTCATGACA	A	3	97221
GAACGGTGTCATGACA	A	4	42
GAAGACTCAATCTTGC	A	0	17394
GAAGACTCAATCTTGC	A	1	2200
GAAGACTCAATCTTGC	A	4	11
GAAGACTCAGTTGCGC	A	2	1168
GAAGACTCAGTTGCGC	A	3	58707
GAAGACTCCAGATCTT	A	0	2
GAAGACTCCAGATCTT	A	2	747
GAAGACTCCAGATCTT	A	3	12184
GAAGACTCCAGATCTT	A	4	15
GAAGACTCCAGATTAC	A	0	3040
GAAGACTCCAGATTAC	A	1	166
GAAGACTCCAGATTAC	A	4	11
GAAGACTCCATCTGAG	A	0	6954
GAAGACTCCATCTGAG	A	1	598
GAAGACTCCATCTGAG	A	4	4
GAAGACTCCTGTTACA	A	2	2995
GAAGACTCCTGTTACA	A	3	42742
GAAGACTCCTGTTACA	A	4	10
GAAGACTCGAGGGCAT	A	0	1592
GAAGACTCGAGGGCAT	A	1	106
GAAGACTCGAGGGCAT	A	4	2
GAAGACTCTCATGACA	A	2	291
GAAGACTCTCATGACA	A	3	3773
GAAGACTCTCATGACA	A	4	10
GAATGGATAATCTTGC	A	0	291
GAATGGATAATCTTGC	A	1	148
GAATGGATAATCTTGC	A	4	65
GAATGGATAGTTGCGC	A	2	245
GAATGGATAGTTGCGC	A	3	29018
GAATGGATAGTTGCGC	A	4	5
GAATGGATCAGATCTT	A	1	1
GAATGGATCAGATCTT	A	2	1991
GAATGGATCAGATCTT	A	3	82096
GAATGGATCAGATCTT	A	4	131
GAATGGATCAGATTAC	A	0	47
GAATGGATCAGATTAC	A	1	37
GAATGGATCAGATTAC	A	3	1
GAATGGATCAGATTAC	A	4	46
GAATGGATCATCTGAG	A	0	970
GAATGGATCATCTGAG	A	1	648
GAATGGATCATCTGAG	A	4	21
GAATGGATCTGTTACA	A	2	400
GAATGGATCTGTTACA	A	3	20166
GAATGGATCTGTTACA	A	4	125
GAATGGATGAGGGCAT	A	0	140
GAATGGATGAGGGCAT	A	1	63
GAATGGATGAGGGCAT	A	4	18
GAATGGATTCATGACA	A	2	384
GAATGGATTCATGACA	A	3	8659
GAATGGATTCATGACA	A	4	217
GACATGTTAATCTTGC	A	0	874
GACATGTTAATCTTGC	A	1	373
GACATGTTAATCTTGC	A	4	11
GACATGTTAGTTGCGC	A	2	692
GACATGTTAGTTGCGC	A	3	56819
GACATGTTCAGATCTT	A	0	1
GACATGTTCAGATCTT	A	1	2
GACATGTTCAGATCTT	A	2	6
GACATGTTCAGATCTT	A	3	727
GACATGTTCAGATCTT	A	4	27
GACATGTTCAGATTAC	A	0	130
GACATGTTCAGATTAC	A	1	4555
GACATGTTCAGATTAC	A	3	1
GACATGTTCAGATTAC	A	4	21
GACATGTTCATCTGAG	A	0	785
GACATGTTCATCTGAG	A	1	6708
GACATGTTCATCTGAG	A	4	9
GACATGTTCTGTTACA	A	2	88
GACATGTTCTGTTACA	A	3	3869
GACATGTTCTGTTACA	A	4	13
GACATGTTGAGGGCAT	A	0	394
GACATGTTGAGGGCAT	A	1	6052
GACATGTTGAGGGCAT	A	3	1
GACATGTTGAGGGCAT	A	4	2
GACATGTTTCATGACA	A	2	39
GACATGTTTCATGACA	A	3	514
GACATGTTTCATGACA	A	4	44
GAGAGTGCAATCTTGC	A	0	9
GAGAGTGCAATCTTGC	A	1	3833
GAGAGTGCAATCTTGC	A	4	60
GAGAGTGCAGTTGCGC	A	2	58
GAGAGTGCAGTTGCGC	A	3	62347
GAGAGTGCAGTTGCGC	A	4	1
GAGAGTGCCAGATCTT	A	1	31
GAGAGTGCCAGATCTT	A	2	40
GAGAGTGCCAGATCTT	A	3	1633
GAGAGTGCCAGATCTT	A	4	67
GAGAGTGCCAGATTAC	A	0	70
GAGAGTGCCAGATTAC	A	1	211497
GAGAGTGCCAGATTAC	A	4	54
GAGAGTGCCATCTGAG	A	0	94
GAGAGTGCCATCTGAG	A	1	297939
GAGAGTGCCATCTGAG	A	3	1
GAGAGTGCCATCTGAG	A	4	57
GAGAGTGCCTGTTACA	A	2	89
GAGAGTGCCTGTTACA	A	3	101298
GAGAGTGCCTGTTACA	A	4	25
GAGAGTGCGAGGGCAT	A	0	64
GAGAGTGCGAGGGCAT	A	1	265749
GAGAGTGCGAGGGCAT	A	4	34
GAGAGTGCTCATGACA	A	2	181
GAGAGTGCTCATGACA	A	3	163713
GAGAGTGCTCATGACA	A	4	52
GAGCAGAAAATCTTGC	A	0	2116
GAGCAGAAAATCTTGC	A	1	541
GAGCAGAAAATCTTGC	A	4	10
GAGCAGAAAGTTGCGC	A	2	627
GAGCAGAAAGTTGCGC	A	3	58434
GAGCAGAAAGTTGCGC	A	4	1
GAGCAGAACAGATCTT	A	0	1
GAGCAGAACAGATCTT	A	2	87
GAGCAGAACAGATCTT	A	3	128
GAGCAGAACAGATCTT	A	4	6
GAGCAGAACAGATTAC	A	0	161
GAGCAGAACAGATTAC	A	1	66
GAGCAGAACAGATTAC	A	4	13
GAGCAGAACATCTGAG	A	0	3288
GAGCAGAACATCTGAG	A	1	1365
GAGCAGAACATCTGAG	A	4	11
GAGCAGAACTGTTACA	A	2	185
GAGCAGAACTGTTACA	A	3	1858
GAGCAGAACTGTTACA	A	4	4
GAGCAGAAGAGGGCAT	A	0	339
GAGCAGAAGAGGGCAT	A	1	124
GAGCAGAAGAGGGCAT	A	4	7
GAGCAGAATCATGACA	A	2	220
GAGCAGAATCATGACA	A	3	2850
GAGCAGAATCATGACA	A	4	9
GAGTCATGAATCTTGC	A	0	4
GAGTCATGAATCTTGC	A	1	12288
GAGTCATGAATCTTGC	A	4	25
GAGTCATGAGTTGCGC	A	2	52
GAGTCATGAGTTGCGC	A	3	64022
GAGTCATGAGTTGCGC	A	4	1
GAGTCATGCAGATCTT	A	1	14
GAGTCATGCAGATCTT	A	2	21
GAGTCATGCAGATCTT	A	3	8923
GAGTCATGCAGATCTT	A	4	32
GAGTCATGCAGATTAC	A	0	37
GAGTCATGCAGATTAC	A	1	88634
GAGTCATGCAGATTAC	A	4	22
GAGTCATGCATCTGAG	A	0	34
GAGTCATGCATCTGAG	A	1	98309
GAGTCATGCATCTGAG	A	4	19
GAGTCATGCTGTTACA	A	2	79
GAGTCATGCTGTTACA	A	3	95855
GAGTCATGCTGTTACA	A	4	13
GAGTCATGGAGGGCAT	A	0	47
GAGTCATGGAGGGCAT	A	1	143554
GAGTCATGGAGGGCAT	A	4	12
GAGTCATGTCATGACA	A	2	64
GAGTCATGTCATGACA	A	3	82714
GAGTCATGTCATGACA	A	4	24
GATAGAACAATCTTGC	A	0	9795
GATAGAACAATCTTGC	A	1	839
GATAGAACAATCTTGC	A	4	4
GATAGAACAGTTGCGC	A	2	861
GATAGAACAGTTGCGC	A	3	53427
GATAGAACAGTTGCGC	A	4	1
GATAGAACCAGATCTT	A	0	1
GATAGAACCAGATCTT	A	1	1
GATAGAACCAGATCTT	A	2	323
GATAGAACCAGATCTT	A	3	7597
GATAGAACCAGATCTT	A	4	6
GATAGAACCAGATTAC	A	0	996
GATAGAACCAGATTAC	A	1	404
GATAGAACCAGATTAC	A	4	4
GATAGAACCATCTGAG	A	0	21116
GATAGAACCATCTGAG	A	1	1299
GATAGAACCATCTGAG	A	4	2
GATAGAACCTGTTACA	A	2	451
GATAGAACCTGTTACA	A	3	7479
GATAGAACCTGTTACA	A	4	6
GATAGAACGAGGGCAT	A	0	3354
GATAGAACGAGGGCAT	A	1	386
GATAGAACGAGGGCAT	A	4	3
GATAGAACTCATGACA	A	2	307
GATAGAACTCATGACA	A	3	7135
GATAGAACTCATGACA	A	4	10
GCACAGCTAATCTTGC	A	0	22934
GCACAGCTAATCTTGC	A	1	13874
GCACAGCTAATCTTGC	A	3	1
GCACAGCTAATCTTGC	A	4	62
GCACAGCTAGTTGCGC	A	2	8849
GCACAGCTAGTTGCGC	A	3	77881
GCACAGCTAGTTGCGC	A	4	2
GCACAGCTCAGATCTT	A	0	7
GCACAGCTCAGATCTT	A	1	6
GCACAGCTCAGATCTT	A	2	47537
GCACAGCTCAGATCTT	A	3	159761
GCACAGCTCAGATCTT	A	4	50
GCACAGCTCAGATTAC	A	0	77730
GCACAGCTCAGATTAC	A	1	28258
GCACAGCTCAGATTAC	A	4	96
GCACAGCTCATCTGAG	A	0	140104
GCACAGCTCATCTGAG	A	1	76585
GCACAGCTCATCTGAG	A	3	1
GCACAGCTCATCTGAG	A	4	94
GCACAGCTCTGTTACA	A	0	1
GCACAGCTCTGTTACA	A	2	96272
GCACAGCTCTGTTACA	A	3	74258
GCACAGCTCTGTTACA	A	4	12
GCACAGCTGAGGGCAT	A	0	136225
GCACAGCTGAGGGCAT	A	1	93850
GCACAGCTGAGGGCAT	A	3	3
GCACAGCTGAGGGCAT	A	4	68
GCACAGCTTCATGACA	A	2	65929
GCACAGCTTCATGACA	A	3	128853
GCACAGCTTCATGACA	A	4	41
GCCATTATAATCTTGC	A	0	3149
GCCATTATAATCTTGC	A	1	27688
GCCATTATAATCTTGC	A	4	25
GCCATTATAGTTGCGC	A	1	1
GCCATTATAGTTGCGC	A	2	113
GCCATTATAGTTGCGC	A	3	10716
GCCATTATCAGATCTT	A	0	1
GCCATTATCAGATCTT	A	1	1
GCCATTATCAGATCTT	A	2	253
GCCATTATCAGATCTT	A	3	7685
GCCATTATCAGATCTT	A	4	9
GCCATTATCAGATTAC	A	0	120
GCCATTATCAGATTAC	A	1	426
GCCATTATCAGATTAC	A	4	20
GCCATTATCATCTGAG	A	0	43669
GCCATTATCATCTGAG	A	1	313429
GCCATTATCATCTGAG	A	4	17
GCCATTATCTGTTACA	A	2	1099
GCCATTATCTGTTACA	A	3	30601
GCCATTATCTGTTACA	A	4	4
GCCATTATGAGGGCAT	A	0	653
GCCATTATGAGGGCAT	A	1	4606
GCCATTATGAGGGCAT	A	3	1
GCCATTATGAGGGCAT	A	4	10
GCCATTATTCATGACA	A	2	9009
GCCATTATTCATGACA	A	3	146099
GCCATTATTCATGACA	A	4	18
GCCGAGAAAATCTTGC	A	0	7909
GCCGAGAAAATCTTGC	A	1	560
GCCGAGAAAATCTTGC	A	4	8142
GCCGAGAAAGTTGCGC	A	2	240
GCCGAGAAAGTTGCGC	A	3	12217
GCCGAGAAAGTTGCGC	A	4	31
GCCGAGAACAGATCTT	A	0	2
GCCGAGAACAGATCTT	A	2	19
GCCGAGAACAGATCTT	A	3	168
GCCGAGAACAGATCTT	A	4	5557
GCCGAGAACAGATTAC	A	0	2307
GCCGAGAACAGATTAC	A	1	156
GCCGAGAACAGATTAC	A	4	10471
GCCGAGAACATCTGAG	A	0	15835
GCCGAGAACATCTGAG	A	1	1017
GCCGAGAACATCTGAG	A	4	7965
GCCGAGAACTGTTACA	A	2	48
GCCGAGAACTGTTACA	A	3	302
GCCGAGAACTGTTACA	A	4	7253
GCCGAGAAGAGGGCAT	A	0	3722
GCCGAGAAGAGGGCAT	A	1	225
GCCGAGAAGAGGGCAT	A	4	793
GCCGAGAATCATGACA	A	2	43
GCCGAGAATCATGACA	A	3	144
GCCGAGAATCATGACA	A	4	25334
GCGAAATAAATCTTGC	A	0	2057
GCGAAATAAATCTTGC	A	1	694
GCGAAATAAATCTTGC	A	4	11
GCGAAATAAGTTGCGC	A	2	25
GCGAAATAAGTTGCGC	A	3	47
GCGAAATAAGTTGCGC	A	4	3
GCGAAATACAGATCTT	A	2	61
GCGAAATACAGATCTT	A	3	230
GCGAAATACAGATCTT	A	4	50
GCGAAATACAGATTAC	A	0	284
GCGAAATACAGATTAC	A	1	222
GCGAAATACAGATTAC	A	4	17
GCGAAATACATCTGAG	A	0	4377
GCGAAATACATCTGAG	A	1	1251
GCGAAATACATCTGAG	A	4	15
GCGAAATACTGTTACA	A	2	91
GCGAAATACTGTTACA	A	3	42
GCGAAATACTGTTACA	A	4	45
GCGAAATAGAGGGCAT	A	0	2224
GCGAAATAGAGGGCAT	A	1	636
GCGAAATAGAGGGCAT	A	4	8
GCGAAATATCATGACA	A	2	109
GCGAAATATCATGACA	A	3	98
GCGAAATATCATGACA	A	4	45
GCGCGAATAATCTTGC	A	0	222495
GCGCGAATAATCTTGC	A	1	89917
GCGCGAATAATCTTGC	A	2	1
GCGCGAATAATCTTGC	A	3	1
GCGCGAATAATCTTGC	A	4	137
GCGCGAATAGTTGCGC	A	0	1
GCGCGAATAGTTGCGC	A	2	30206
GCGCGAATAGTTGCGC	A	3	40055
GCGCGAATAGTTGCGC	A	4	3
GCGCGAATCAGATCTT	A	0	20
GCGCGAATCAGATCTT	A	1	18
GCGCGAATCAGATCTT	A	2	109096
GCGCGAATCAGATCTT	A	3	141661
GCGCGAATCAGATCTT	A	4	166
GCGCGAATCAGATTAC	A	0	162394
GCGCGAATCAGATTAC	A	1	90151
GCGCGAATCAGATTAC	A	2	1
GCGCGAATCAGATTAC	A	4	84
GCGCGAATCATCTGAG	A	0	225949
GCGCGAATCATCTGAG	A	1	95765
GCGCGAATCATCTGAG	A	2	1
GCGCGAATCATCTGAG	A	4	75
GCGCGAATCTGTTACA	A	0	1
GCGCGAATCTGTTACA	A	2	103291
GCGCGAATCTGTTACA	A	3	21285
GCGCGAATCTGTTACA	A	4	61
GCGCGAATGAGGGCAT	A	0	262169
GCGCGAATGAGGGCAT	A	1	102709
GCGCGAATGAGGGCAT	A	2	5
GCGCGAATGAGGGCAT	A	3	1
GCGCGAATGAGGGCAT	A	4	60
GCGCGAATTCATGACA	A	2	190485
GCGCGAATTCATGACA	A	3	63307
GCGCGAATTCATGACA	A	4	176
GCGCTTACAATCTTGC	A	0	84
GCGCTTACAATCTTGC	A	1	238895
GCGCTTACAATCTTGC	A	4	39
GCGCTTACAGTTGCGC	A	1	1
GCGCTTACAGTTGCGC	A	2	59
GCGCTTACAGTTGCGC	A	3	57616
GCGCTTACCAGATCTT	A	1	17
GCGCTTACCAGATCTT	A	2	2930
GCGCTTACCAGATCTT	A	3	142681
GCGCTTACCAGATCTT	A	4	38
GCGCTTACCAGATTAC	A	0	141
GCGCTTACCAGATTAC	A	1	148808
GCGCTTACCAGATTAC	A	4	21
GCGCTTACCATCTGAG	A	0	63
GCGCTTACCATCTGAG	A	1	188044
GCGCTTACCATCTGAG	A	4	36
GCGCTTACCTGTTACA	A	2	92
GCGCTTACCTGTTACA	A	3	86088
GCGCTTACCTGTTACA	A	4	20
GCGCTTACGAGGGCAT	A	0	85
GCGCTTACGAGGGCAT	A	1	241976
GCGCTTACGAGGGCAT	A	3	4
GCGCTTACGAGGGCAT	A	4	35
GCGCTTACTCATGACA	A	1	1
GCGCTTACTCATGACA	A	2	5006
GCGCTTACTCATGACA	A	3	157565
GCGCTTACTCATGACA	A	4	39
GCGGGTTTAATCTTGC	A	0	291
GCGGGTTTAATCTTGC	A	1	263598
GCGGGTTTAATCTTGC	A	3	2
GCGGGTTTAATCTTGC	A	4	175
GCGGGTTTAGTTGCGC	A	2	2021
GCGGGTTTAGTTGCGC	A	3	80311
GCGGGTTTAGTTGCGC	A	4	8
GCGGGTTTCAGATCTT	A	1	28
GCGGGTTTCAGATCTT	A	2	6853
GCGGGTTTCAGATCTT	A	3	122202
GCGGGTTTCAGATCTT	A	4	270
GCGGGTTTCAGATTAC	A	0	196
GCGGGTTTCAGATTAC	A	1	194272
GCGGGTTTCAGATTAC	A	4	388
GCGGGTTTCATCTGAG	A	0	1724
GCGGGTTTCATCTGAG	A	1	264937
GCGGGTTTCATCTGAG	A	4	405
GCGGGTTTCTGTTACA	A	2	6495
GCGGGTTTCTGTTACA	A	3	42835
GCGGGTTTCTGTTACA	A	4	132
GCGGGTTTGAGGGCAT	A	0	293
GCGGGTTTGAGGGCAT	A	1	215258
GCGGGTTTGAGGGCAT	A	3	2
GCGGGTTTGAGGGCAT	A	4	376
GCGGGTTTTCATGACA	A	1	1
GCGGGTTTTCATGACA	A	2	12126
GCGGGTTTTCATGACA	A	3	82101
GCGGGTTTTCATGACA	A	4	190
GCTTGGCTAATCTTGC	A	0	6212
GCTTGGCTAATCTTGC	A	1	441
GCTTGGCTAATCTTGC	A	4	53
GCTTGGCTAGTTGCGC	A	2	15404
GCTTGGCTAGTTGCGC	A	3	62612
GCTTGGCTAGTTGCGC	A	4	3
GCTTGGCTCAGATCTT	A	2	4566
GCTTGGCTCAGATCTT	A	3	6830
GCTTGGCTCAGATCTT	A	4	87
GCTTGGCTCAGATTAC	A	0	759
GCTTGGCTCAGATTAC	A	1	78
GCTTGGCTCAGATTAC	A	2	1
GCTTGGCTCAGATTAC	A	4	133
GCTTGGCTCATCTGAG	A	0	22428
GCTTGGCTCATCTGAG	A	1	1423
GCTTGGCTCATCTGAG	A	4	125
GCTTGGCTCTGTTACA	A	2	13824
GCTTGGCTCTGTTACA	A	3	20678
GCTTGGCTCTGTTACA	A	4	24
GCTTGGCTGAGGGCAT	A	0	3134
GCTTGGCTGAGGGCAT	A	1	163
GCTTGGCTGAGGGCAT	A	4	76
GCTTGGCTTCATGACA	A	2	4283
GCTTGGCTTCATGACA	A	3	6302
GCTTGGCTTCATGACA	A	4	84
GTAAACAGAATCTTGC	A	0	4
GTAAACAGAATCTTGC	A	1	2439
GTAAACAGAATCTTGC	A	3	1
GTAAACAGAATCTTGC	A	4	25
GTAAACAGAGTTGCGC	A	2	62
GTAAACAGAGTTGCGC	A	3	50604
GTAAACAGAGTTGCGC	A	4	2
GTAAACAGCAGATCTT	A	1	22
GTAAACAGCAGATCTT	A	2	189
GTAAACAGCAGATCTT	A	3	144697
GTAAACAGCAGATCTT	A	4	54
GTAAACAGCAGATTAC	A	0	83
GTAAACAGCAGATTAC	A	1	207896
GTAAACAGCAGATTAC	A	3	2
GTAAACAGCAGATTAC	A	4	33
GTAAACAGCATCTGAG	A	0	81
GTAAACAGCATCTGAG	A	1	204043
GTAAACAGCATCTGAG	A	4	28
GTAAACAGCTGTTACA	A	2	148
GTAAACAGCTGTTACA	A	3	107422
GTAAACAGCTGTTACA	A	4	21
GTAAACAGGAGGGCAT	A	0	37
GTAAACAGGAGGGCAT	A	1	120697
GTAAACAGGAGGGCAT	A	3	2
GTAAACAGGAGGGCAT	A	4	28
GTAAACAGTCATGACA	A	2	93
GTAAACAGTCATGACA	A	3	48077
GTAAACAGTCATGACA	A	4	42
GTATCTGAAATCTTGC	A	0	33
GTATCTGAAATCTTGC	A	1	192066
GTATCTGAAATCTTGC	A	3	1
GTATCTGAAATCTTGC	A	4	31
GTATCTGAAGTTGCGC	A	2	32
GTATCTGAAGTTGCGC	A	3	53431
GTATCTGAAGTTGCGC	A	4	1
GTATCTGACAGATCTT	A	0	1
GTATCTGACAGATCTT	A	1	5
GTATCTGACAGATCTT	A	2	2158
GTATCTGACAGATCTT	A	3	191353
GTATCTGACAGATCTT	A	4	37
GTATCTGACAGATTAC	A	0	76
GTATCTGACAGATTAC	A	1	199229
GTATCTGACAGATTAC	A	3	1
GTATCTGACAGATTAC	A	4	27
GTATCTGACATCTGAG	A	0	49
GTATCTGACATCTGAG	A	1	188748
GTATCTGACATCTGAG	A	4	29
GTATCTGACTGTTACA	A	2	62
GTATCTGACTGTTACA	A	3	71949
GTATCTGACTGTTACA	A	4	11
GTATCTGAGAGGGCAT	A	0	12
GTATCTGAGAGGGCAT	A	1	42477
GTATCTGAGAGGGCAT	A	3	1
GTATCTGAGAGGGCAT	A	4	33
GTATCTGATCATGACA	A	2	1490
GTATCTGATCATGACA	A	3	41809
GTATCTGATCATGACA	A	4	36
GTCCGAAGAATCTTGC	A	0	557
GTCCGAAGAATCTTGC	A	1	240
GTCCGAAGAATCTTGC	A	4	5
GTCCGAAGAGTTGCGC	A	2	55
GTCCGAAGAGTTGCGC	A	3	6221
GTCCGAAGCAGATCTT	A	1	2
GTCCGAAGCAGATCTT	A	2	85
GTCCGAAGCAGATCTT	A	3	2196
GTCCGAAGCAGATCTT	A	4	15
GTCCGAAGCAGATTAC	A	0	101
GTCCGAAGCAGATTAC	A	1	4253
GTCCGAAGCAGATTAC	A	4	5
GTCCGAAGCATCTGAG	A	0	1526
GTCCGAAGCATCTGAG	A	1	6163
GTCCGAAGCATCTGAG	A	4	3
GTCCGAAGCTGTTACA	A	2	63
GTCCGAAGCTGTTACA	A	3	1060
GTCCGAAGCTGTTACA	A	4	8
GTCCGAAGGAGGGCAT	A	0	563
GTCCGAAGGAGGGCAT	A	1	5678
GTCCGAAGGAGGGCAT	A	4	8
GTCCGAAGTCATGACA	A	2	49
GTCCGAAGTCATGACA	A	3	468
GTCCGAAGTCATGACA	A	4	17
GTCGTCGTAATCTTGC	A	0	5
GTCGTCGTAATCTTGC	A	1	871
GTCGTCGTAATCTTGC	A	4	73
GTCGTCGTAGTTGCGC	A	2	62
GTCGTCGTAGTTGCGC	A	3	49967
GTCGTCGTAGTTGCGC	A	4	3
GTCGTCGTCAGATCTT	A	1	9
GTCGTCGTCAGATCTT	A	2	353
GTCGTCGTCAGATCTT	A	3	34397
GTCGTCGTCAGATCTT	A	4	76
GTCGTCGTCAGATTAC	A	0	107
GTCGTCGTCAGATTAC	A	1	230257
GTCGTCGTCAGATTAC	A	4	73
GTCGTCGTCATCTGAG	A	0	103
GTCGTCGTCATCTGAG	A	1	299869
GTCGTCGTCATCTGAG	A	4	124
GTCGTCGTCTGTTACA	A	2	128
GTCGTCGTCTGTTACA	A	3	84623
GTCGTCGTCTGTTACA	A	4	26
GTCGTCGTGAGGGCAT	A	0	220
GTCGTCGTGAGGGCAT	A	1	165515
GTCGTCGTGAGGGCAT	A	4	57
GTCGTCGTTCATGACA	A	2	267
GTCGTCGTTCATGACA	A	3	164333
GTCGTCGTTCATGACA	A	4	47
GTCTTAGAAATCTTGC	A	0	1896
GTCTTAGAAATCTTGC	A	1	129
GTCTTAGAAATCTTGC	A	4	12
GTCTTAGAAGTTGCGC	A	2	704
GTCTTAGAAGTTGCGC	A	3	18889
GTCTTAGACAGATCTT	A	2	108
GTCTTAGACAGATCTT	A	3	737
GTCTTAGACAGATCTT	A	4	10
GTCTTAGACAGATTAC	A	0	744
GTCTTAGACAGATTAC	A	1	126
GTCTTAGACAGATTAC	A	4	12
GTCTTAGACATCTGAG	A	0	2828
GTCTTAGACATCTGAG	A	1	401
GTCTTAGACATCTGAG	A	4	6
GTCTTAGACTGTTACA	A	2	126
GTCTTAGACTGTTACA	A	3	1627
GTCTTAGACTGTTACA	A	4	3
GTCTTAGAGAGGGCAT	A	0	1151
GTCTTAGAGAGGGCAT	A	1	98
GTCTTAGAGAGGGCAT	A	4	8
GTCTTAGATCATGACA	A	2	89
GTCTTAGATCATGACA	A	3	288
GTCTTAGATCATGACA	A	4	12
GTGCTATCAATCTTGC	A	0	16987
GTGCTATCAATCTTGC	A	1	186
GTGCTATCAATCTTGC	A	4	46
GTGCTATCAGTTGCGC	A	0	1
GTGCTATCAGTTGCGC	A	2	107511
GTGCTATCAGTTGCGC	A	3	2249
GTGCTATCAGTTGCGC	A	4	5
GTGCTATCCAGATCTT	A	0	30
GTGCTATCCAGATCTT	A	2	250335
GTGCTATCCAGATCTT	A	3	1425
GTGCTATCCAGATCTT	A	4	64
GTGCTATCCAGATTAC	A	0	308213
GTGCTATCCAGATTAC	A	1	1890
GTGCTATCCAGATTAC	A	2	5
GTGCTATCCAGATTAC	A	4	37
GTGCTATCCATCTGAG	A	0	447769
GTGCTATCCATCTGAG	A	1	3494
GTGCTATCCATCTGAG	A	4	28
GTGCTATCCTGTTACA	A	2	208357
GTGCTATCCTGTTACA	A	3	1260
GTGCTATCCTGTTACA	A	4	37
GTGCTATCGAGGGCAT	A	0	314585
GTGCTATCGAGGGCAT	A	1	2113
GTGCTATCGAGGGCAT	A	2	4
GTGCTATCGAGGGCAT	A	4	24
GTGCTATCTCATGACA	A	0	1
GTGCTATCTCATGACA	A	2	326434
GTGCTATCTCATGACA	A	3	2349
GTGCTATCTCATGACA	A	4	43
GTGGGACAAATCTTGC	A	0	33
GTGGGACAAATCTTGC	A	1	335
GTGGGACAAATCTTGC	A	4	98
GTGGGACAAGTTGCGC	A	2	100
GTGGGACAAGTTGCGC	A	3	71719
GTGGGACAAGTTGCGC	A	4	3
GTGGGACACAGATCTT	A	1	23
GTGGGACACAGATCTT	A	2	162
GTGGGACACAGATCTT	A	3	76637
GTGGGACACAGATCTT	A	4	85
GTGGGACACAGATTAC	A	0	91
GTGGGACACAGATTAC	A	1	214007
GTGGGACACAGATTAC	A	3	1
GTGGGACACAGATTAC	A	4	76
GTGGGACACATCTGAG	A	0	121
GTGGGACACATCTGAG	A	1	316144
GTGGGACACATCTGAG	A	3	1
GTGGGACACATCTGAG	A	4	63
GTGGGACACTGTTACA	A	2	164
GTGGGACACTGTTACA	A	3	110929
GTGGGACACTGTTACA	A	4	30
GTGGGACAGAGGGCAT	A	0	1212
GTGGGACAGAGGGCAT	A	1	164568
GTGGGACAGAGGGCAT	A	3	1
GTGGGACAGAGGGCAT	A	4	64
GTGGGACATCATGACA	A	1	1
GTGGGACATCATGACA	A	2	287
GTGGGACATCATGACA	A	3	167421
GTGGGACATCATGACA	A	4	58
GTGTGCACAATCTTGC	A	0	3207
GTGTGCACAATCTTGC	A	1	550
GTGTGCACAATCTTGC	A	4	12
GTGTGCACAGTTGCGC	A	2	99
GTGTGCACAGTTGCGC	A	3	10525
GTGTGCACCAGATCTT	A	2	21
GTGTGCACCAGATCTT	A	3	461
GTGTGCACCAGATCTT	A	4	7
GTGTGCACCAGATTAC	A	0	2116
GTGTGCACCAGATTAC	A	1	196
GTGTGCACCAGATTAC	A	4	2
GTGTGCACCATCTGAG	A	0	2087
GTGTGCACCATCTGAG	A	1	265
GTGTGCACCTGTTACA	A	2	1827
GTGTGCACCTGTTACA	A	3	59411
GTGTGCACCTGTTACA	A	4	1
GTGTGCACGAGGGCAT	A	0	184
GTGTGCACGAGGGCAT	A	1	24
GTGTGCACGAGGGCAT	A	4	5
GTGTGCACTCATGACA	A	2	78
GTGTGCACTCATGACA	A	3	4083
GTGTGCACTCATGACA	A	4	14
GTTAGGGCAATCTTGC	A	0	9873
GTTAGGGCAATCTTGC	A	1	218434
GTTAGGGCAATCTTGC	A	4	94
GTTAGGGCAGTTGCGC	A	2	1290
GTTAGGGCAGTTGCGC	A	3	52880
GTTAGGGCAGTTGCGC	A	4	2
GTTAGGGCCAGATCTT	A	0	1
GTTAGGGCCAGATCTT	A	1	20
GTTAGGGCCAGATCTT	A	2	10559
GTTAGGGCCAGATCTT	A	3	147849
GTTAGGGCCAGATCTT	A	4	109
GTTAGGGCCAGATTAC	A	0	8582
GTTAGGGCCAGATTAC	A	1	151853
GTTAGGGCCAGATTAC	A	2	1
GTTAGGGCCAGATTAC	A	3	1
GTTAGGGCCAGATTAC	A	4	106
GTTAGGGCCATCTGAG	A	0	10582
GTTAGGGCCATCTGAG	A	1	224101
GTTAGGGCCATCTGAG	A	2	1
GTTAGGGCCATCTGAG	A	4	137
GTTAGGGCCTGTTACA	A	2	10018
GTTAGGGCCTGTTACA	A	3	71822
GTTAGGGCCTGTTACA	A	4	23
GTTAGGGCGAGGGCAT	A	0	5286
GTTAGGGCGAGGGCAT	A	1	242735
GTTAGGGCGAGGGCAT	A	3	3
GTTAGGGCGAGGGCAT	A	4	148
GTTAGGGCTCATGACA	A	2	2389
GTTAGGGCTCATGACA	A	3	37723
GTTAGGGCTCATGACA	A	4	76
GTTCCAAAAATCTTGC	A	0	19997
GTTCCAAAAATCTTGC	A	1	139
GTTCCAAAAATCTTGC	A	2	1
GTTCCAAAAATCTTGC	A	4	50
GTTCCAAAAGTTGCGC	A	2	77537
GTTCCAAAAGTTGCGC	A	3	4551
GTTCCAAAAGTTGCGC	A	4	2
GTTCCAAACAGATCTT	A	0	33
GTTCCAAACAGATCTT	A	1	4
GTTCCAAACAGATCTT	A	2	134421
GTTCCAAACAGATCTT	A	3	2860
GTTCCAAACAGATCTT	A	4	55
GTTCCAAACAGATTAC	A	0	276431
GTTCCAAACAGATTAC	A	1	1991
GTTCCAAACAGATTAC	A	2	1
GTTCCAAACAGATTAC	A	4	67
GTTCCAAACATCTGAG	A	0	218561
GTTCCAAACATCTGAG	A	1	1794
GTTCCAAACATCTGAG	A	4	40
GTTCCAAACTGTTACA	A	0	1
GTTCCAAACTGTTACA	A	2	140168
GTTCCAAACTGTTACA	A	3	1429
GTTCCAAACTGTTACA	A	4	25
GTTCCAAAGAGGGCAT	A	0	385995
GTTCCAAAGAGGGCAT	A	1	2224
GTTCCAAAGAGGGCAT	A	2	4
GTTCCAAAGAGGGCAT	A	4	34
GTTCCAAATCATGACA	A	2	291482
GTTCCAAATCATGACA	A	3	4746
GTTCCAAATCATGACA	A	4	59
TAAGAAGGAATCTTGC	A	0	467425
TAAGAAGGAATCTTGC	A	1	701
TAAGAAGGAATCTTGC	A	2	2
TAAGAAGGAATCTTGC	A	3	1
TAAGAAGGAATCTTGC	A	4	42
TAAGAAGGAGTTGCGC	A	0	1
TAAGAAGGAGTTGCGC	A	2	203216
TAAGAAGGAGTTGCGC	A	3	545
TAAGAAGGAGTTGCGC	A	4	3
TAAGAAGGCAGATCTT	A	0	24
TAAGAAGGCAGATCTT	A	1	1
TAAGAAGGCAGATCTT	A	2	291362
TAAGAAGGCAGATCTT	A	3	366
TAAGAAGGCAGATCTT	A	4	54
TAAGAAGGCAGATTAC	A	0	379849
TAAGAAGGCAGATTAC	A	1	654
TAAGAAGGCAGATTAC	A	2	4
TAAGAAGGCAGATTAC	A	4	39
TAAGAAGGCATCTGAG	A	0	480886
TAAGAAGGCATCTGAG	A	1	782
TAAGAAGGCATCTGAG	A	4	32
TAAGAAGGCTGTTACA	A	0	2
TAAGAAGGCTGTTACA	A	2	308060
TAAGAAGGCTGTTACA	A	3	375
TAAGAAGGCTGTTACA	A	4	16
TAAGAAGGGAGGGCAT	A	0	276015
TAAGAAGGGAGGGCAT	A	1	318
TAAGAAGGGAGGGCAT	A	2	7
TAAGAAGGGAGGGCAT	A	4	28
TAAGAAGGTCATGACA	A	2	310296
TAAGAAGGTCATGACA	A	3	409
TAAGAAGGTCATGACA	A	4	56
TAAGTCACAATCTTGC	A	0	292138
TAAGTCACAATCTTGC	A	1	3507
TAAGTCACAATCTTGC	A	2	1
TAAGTCACAATCTTGC	A	4	25
TAAGTCACAGTTGCGC	A	0	2
TAAGTCACAGTTGCGC	A	2	75438
TAAGTCACAGTTGCGC	A	3	14796
TAAGTCACAGTTGCGC	A	4	4
TAAGTCACCAGATCTT	A	0	19
TAAGTCACCAGATCTT	A	1	2
TAAGTCACCAGATCTT	A	2	351654
TAAGTCACCAGATCTT	A	3	20017
TAAGTCACCAGATCTT	A	4	48
TAAGTCACCAGATTAC	A	0	278916
TAAGTCACCAGATTAC	A	1	3033
TAAGTCACCAGATTAC	A	2	4
TAAGTCACCAGATTAC	A	4	28
TAAGTCACCATCTGAG	A	0	480028
TAAGTCACCATCTGAG	A	1	5403
TAAGTCACCATCTGAG	A	2	1
TAAGTCACCATCTGAG	A	4	32
TAAGTCACCTGTTACA	A	0	3
TAAGTCACCTGTTACA	A	2	78729
TAAGTCACCTGTTACA	A	3	1508
TAAGTCACCTGTTACA	A	4	26
TAAGTCACGAGGGCAT	A	0	246155
TAAGTCACGAGGGCAT	A	1	2476
TAAGTCACGAGGGCAT	A	2	6
TAAGTCACGAGGGCAT	A	4	21
TAAGTCACTCATGACA	A	2	298669
TAAGTCACTCATGACA	A	3	8411
TAAGTCACTCATGACA	A	4	43
TACACGACAATCTTGC	A	0	1265
TACACGACAATCTTGC	A	1	361
TACACGACAATCTTGC	A	4	3
TACACGACAGTTGCGC	A	2	53
TACACGACAGTTGCGC	A	3	17438
TACACGACCAGATCTT	A	2	9
TACACGACCAGATCTT	A	3	444
TACACGACCAGATCTT	A	4	6
TACACGACCAGATTAC	A	0	77
TACACGACCAGATTAC	A	1	26
TACACGACCAGATTAC	A	4	4
TACACGACCATCTGAG	A	0	2113
TACACGACCATCTGAG	A	1	683
TACACGACCATCTGAG	A	4	2
TACACGACCTGTTACA	A	2	108
TACACGACCTGTTACA	A	3	3306
TACACGACCTGTTACA	A	4	1
TACACGACGAGGGCAT	A	0	2004
TACACGACGAGGGCAT	A	1	439
TACACGACTCATGACA	A	2	207
TACACGACTCATGACA	A	3	4299
TACACGACTCATGACA	A	4	1
TACTGGGCAATCTTGC	A	0	1386
TACTGGGCAATCTTGC	A	1	400
TACTGGGCAATCTTGC	A	4	2283
TACTGGGCAGTTGCGC	A	2	142
TACTGGGCAGTTGCGC	A	3	43294
TACTGGGCAGTTGCGC	A	4	1
TACTGGGCCAGATCTT	A	2	180
TACTGGGCCAGATCTT	A	3	10187
TACTGGGCCAGATCTT	A	4	773
TACTGGGCCAGATTAC	A	0	253
TACTGGGCCAGATTAC	A	1	103
TACTGGGCCAGATTAC	A	4	1402
TACTGGGCCATCTGAG	A	0	1365
TACTGGGCCATCTGAG	A	1	588
TACTGGGCCATCTGAG	A	4	1650
TACTGGGCCTGTTACA	A	2	521
TACTGGGCCTGTTACA	A	3	15232
TACTGGGCCTGTTACA	A	4	117
TACTGGGCGAGGGCAT	A	0	351
TACTGGGCGAGGGCAT	A	1	96
TACTGGGCGAGGGCAT	A	4	1771
TACTGGGCTCATGACA	A	2	281
TACTGGGCTCATGACA	A	3	2749
TACTGGGCTCATGACA	A	4	1112
TAGACGCGAATCTTGC	A	0	1659
TAGACGCGAATCTTGC	A	1	603
TAGACGCGAATCTTGC	A	4	9
TAGACGCGAGTTGCGC	A	2	172
TAGACGCGAGTTGCGC	A	3	11863
TAGACGCGCAGATCTT	A	2	41
TAGACGCGCAGATCTT	A	3	603
TAGACGCGCAGATCTT	A	4	7
TAGACGCGCAGATTAC	A	0	158
TAGACGCGCAGATTAC	A	1	29
TAGACGCGCAGATTAC	A	4	6
TAGACGCGCATCTGAG	A	0	889
TAGACGCGCATCTGAG	A	1	311
TAGACGCGCATCTGAG	A	4	1
TAGACGCGCTGTTACA	A	2	30
TAGACGCGCTGTTACA	A	3	848
TAGACGCGCTGTTACA	A	4	4
TAGACGCGGAGGGCAT	A	0	301
TAGACGCGGAGGGCAT	A	1	66
TAGACGCGGAGGGCAT	A	4	5
TAGACGCGTCATGACA	A	2	1126
TAGACGCGTCATGACA	A	3	23873
TAGACGCGTCATGACA	A	4	4
TAGCCCTGAATCTTGC	A	0	3225
TAGCCCTGAATCTTGC	A	1	275
TAGCCCTGAATCTTGC	A	4	7
TAGCCCTGAGTTGCGC	A	2	4784
TAGCCCTGAGTTGCGC	A	3	49912
TAGCCCTGCAGATCTT	A	2	12336
TAGCCCTGCAGATCTT	A	3	1999
TAGCCCTGCAGATCTT	A	4	12
TAGCCCTGCAGATTAC	A	0	574
TAGCCCTGCAGATTAC	A	1	50
TAGCCCTGCAGATTAC	A	2	1
TAGCCCTGCAGATTAC	A	4	7
TAGCCCTGCATCTGAG	A	0	5970
TAGCCCTGCATCTGAG	A	1	668
TAGCCCTGCATCTGAG	A	4	5
TAGCCCTGCTGTTACA	A	2	6555
TAGCCCTGCTGTTACA	A	3	19386
TAGCCCTGCTGTTACA	A	4	2
TAGCCCTGGAGGGCAT	A	0	4139
TAGCCCTGGAGGGCAT	A	1	250
TAGCCCTGGAGGGCAT	A	4	4
TAGCCCTGTCATGACA	A	2	10477
TAGCCCTGTCATGACA	A	3	10391
TAGCCCTGTCATGACA	A	4	6
TAGCGCGAAATCTTGC	A	0	774
TAGCGCGAAATCTTGC	A	1	211
TAGCGCGAAATCTTGC	A	4	12
TAGCGCGAAGTTGCGC	A	2	210
TAGCGCGAAGTTGCGC	A	3	63636
TAGCGCGACAGATCTT	A	2	111
TAGCGCGACAGATCTT	A	3	316
TAGCGCGACAGATCTT	A	4	6
TAGCGCGACAGATTAC	A	0	67
TAGCGCGACAGATTAC	A	1	15
TAGCGCGACAGATTAC	A	4	9
TAGCGCGACATCTGAG	A	0	419
TAGCGCGACATCTGAG	A	1	220
TAGCGCGACATCTGAG	A	4	9
TAGCGCGACTGTTACA	A	2	106
TAGCGCGACTGTTACA	A	3	2264
TAGCGCGACTGTTACA	A	4	3
TAGCGCGAGAGGGCAT	A	0	776
TAGCGCGAGAGGGCAT	A	1	222
TAGCGCGAGAGGGCAT	A	4	7
TAGCGCGATCATGACA	A	2	149
TAGCGCGATCATGACA	A	3	1056
TAGCGCGATCATGACA	A	4	11
TAGCTAAGAATCTTGC	A	0	45
TAGCTAAGAATCTTGC	A	1	13809
TAGCTAAGAATCTTGC	A	3	1
TAGCTAAGAATCTTGC	A	4	14
TAGCTAAGAGTTGCGC	A	2	56
TAGCTAAGAGTTGCGC	A	3	58853
TAGCTAAGCAGATCTT	A	0	1
TAGCTAAGCAGATCTT	A	1	3
TAGCTAAGCAGATCTT	A	2	1376
TAGCTAAGCAGATCTT	A	3	145206
TAGCTAAGCAGATCTT	A	4	15
TAGCTAAGCAGATTAC	A	0	107
TAGCTAAGCAGATTAC	A	1	53731
TAGCTAAGCAGATTAC	A	3	2
TAGCTAAGCAGATTAC	A	4	9
TAGCTAAGCATCTGAG	A	0	134
TAGCTAAGCATCTGAG	A	1	257051
TAGCTAAGCATCTGAG	A	3	1
TAGCTAAGCATCTGAG	A	4	13
TAGCTAAGCTGTTACA	A	2	31
TAGCTAAGCTGTTACA	A	3	7779
TAGCTAAGCTGTTACA	A	4	4
TAGCTAAGGAGGGCAT	A	0	54
TAGCTAAGGAGGGCAT	A	1	93
TAGCTAAGGAGGGCAT	A	3	2
TAGCTAAGGAGGGCAT	A	4	7
TAGCTAAGTCATGACA	A	1	1
TAGCTAAGTCATGACA	A	2	179
TAGCTAAGTCATGACA	A	3	148909
TAGCTAAGTCATGACA	A	4	18
TATAGTCGAATCTTGC	A	0	1852
TATAGTCGAATCTTGC	A	1	360
TATAGTCGAATCTTGC	A	3	1
TATAGTCGAATCTTGC	A	4	4
TATAGTCGAGTTGCGC	A	2	25
TATAGTCGAGTTGCGC	A	3	35540
TATAGTCGCAGATCTT	A	2	18
TATAGTCGCAGATCTT	A	3	539
TATAGTCGCAGATCTT	A	4	2
TATAGTCGCAGATTAC	A	0	307
TATAGTCGCAGATTAC	A	1	222
TATAGTCGCAGATTAC	A	4	2
TATAGTCGCATCTGAG	A	0	1337
TATAGTCGCATCTGAG	A	1	442
TATAGTCGCATCTGAG	A	4	6
TATAGTCGCTGTTACA	A	2	544
TATAGTCGCTGTTACA	A	3	42029
TATAGTCGCTGTTACA	A	4	1
TATAGTCGGAGGGCAT	A	0	110
TATAGTCGGAGGGCAT	A	1	59
TATAGTCGGAGGGCAT	A	4	4
TATAGTCGTCATGACA	A	2	55
TATAGTCGTCATGACA	A	3	28312
TATAGTCGTCATGACA	A	4	6
TATGCCGCAATCTTGC	A	0	13176
TATGCCGCAATCTTGC	A	1	749
TATGCCGCAATCTTGC	A	4	5
TATGCCGCAGTTGCGC	A	2	1486
TATGCCGCAGTTGCGC	A	3	42991
TATGCCGCAGTTGCGC	A	4	1
TATGCCGCCAGATCTT	A	2	3410
TATGCCGCCAGATCTT	A	3	11644
TATGCCGCCAGATCTT	A	4	3
TATGCCGCCAGATTAC	A	0	861
TATGCCGCCAGATTAC	A	1	32
TATGCCGCCAGATTAC	A	4	8
TATGCCGCCATCTGAG	A	0	4594
TATGCCGCCATCTGAG	A	1	736
TATGCCGCCATCTGAG	A	4	5
TATGCCGCCTGTTACA	A	2	1520
TATGCCGCCTGTTACA	A	3	18518
TATGCCGCCTGTTACA	A	4	2
TATGCCGCGAGGGCAT	A	0	3696
TATGCCGCGAGGGCAT	A	1	313
TATGCCGCGAGGGCAT	A	4	2
TATGCCGCTCATGACA	A	2	3119
TATGCCGCTCATGACA	A	3	6995
TATGCCGCTCATGACA	A	4	4
TCAACTCGAATCTTGC	A	0	308
TCAACTCGAATCTTGC	A	1	61939
TCAACTCGAATCTTGC	A	3	1
TCAACTCGAATCTTGC	A	4	34
TCAACTCGAGTTGCGC	A	2	558
TCAACTCGAGTTGCGC	A	3	64919
TCAACTCGAGTTGCGC	A	4	1
TCAACTCGCAGATCTT	A	1	31
TCAACTCGCAGATCTT	A	2	5267
TCAACTCGCAGATCTT	A	3	199255
TCAACTCGCAGATCTT	A	4	40
TCAACTCGCAGATTAC	A	0	1637
TCAACTCGCAGATTAC	A	1	224338
TCAACTCGCAGATTAC	A	4	29
TCAACTCGCATCTGAG	A	0	2428
TCAACTCGCATCTGAG	A	1	149716
TCAACTCGCATCTGAG	A	4	28
TCAACTCGCTGTTACA	A	2	2198
TCAACTCGCTGTTACA	A	3	83530
TCAACTCGCTGTTACA	A	4	18
TCAACTCGGAGGGCAT	A	0	2182
TCAACTCGGAGGGCAT	A	1	289733
TCAACTCGGAGGGCAT	A	3	5
TCAACTCGGAGGGCAT	A	4	15
TCAACTCGTCATGACA	A	2	10026
TCAACTCGTCATGACA	A	3	164892
TCAACTCGTCATGACA	A	4	39
TCACATAGAATCTTGC	A	0	633
TCACATAGAATCTTGC	A	1	254
TCACATAGAATCTTGC	A	4	3
TCACATAGAGTTGCGC	A	2	8
TCACATAGAGTTGCGC	A	3	6829
TCACATAGCAGATCTT	A	2	245
TCACATAGCAGATCTT	A	3	11538
TCACATAGCAGATCTT	A	4	4
TCACATAGCAGATTAC	A	0	75
TCACATAGCAGATTAC	A	1	89
TCACATAGCAGATTAC	A	4	3
TCACATAGCATCTGAG	A	0	7996
TCACATAGCATCTGAG	A	1	1607
TCACATAGCATCTGAG	A	4	4
TCACATAGCTGTTACA	A	2	25
TCACATAGCTGTTACA	A	3	2595
TCACATAGCTGTTACA	A	4	2
TCACATAGGAGGGCAT	A	0	1640
TCACATAGGAGGGCAT	A	1	489
TCACATAGTCATGACA	A	2	79
TCACATAGTCATGACA	A	3	9804
TCACATAGTCATGACA	A	4	4
TCAGGAGCAATCTTGC	A	0	14776
TCAGGAGCAATCTTGC	A	1	1214
TCAGGAGCAATCTTGC	A	4	6
TCAGGAGCAGTTGCGC	A	2	427
TCAGGAGCAGTTGCGC	A	3	33561
TCAGGAGCCAGATCTT	A	2	85
TCAGGAGCCAGATCTT	A	3	2506
TCAGGAGCCAGATCTT	A	4	4
TCAGGAGCCAGATTAC	A	0	596
TCAGGAGCCAGATTAC	A	1	69
TCAGGAGCCAGATTAC	A	4	4
TCAGGAGCCATCTGAG	A	0	9643
TCAGGAGCCATCTGAG	A	1	1658
TCAGGAGCCATCTGAG	A	4	4
TCAGGAGCCTGTTACA	A	2	114
TCAGGAGCCTGTTACA	A	3	12068
TCAGGAGCCTGTTACA	A	4	1
TCAGGAGCGAGGGCAT	A	0	2348
TCAGGAGCGAGGGCAT	A	1	125
TCAGGAGCGAGGGCAT	A	4	3
TCAGGAGCTCATGACA	A	2	99
TCAGGAGCTCATGACA	A	3	2113
TCAGGAGCTCATGACA	A	4	8
TCAGGCTTAATCTTGC	A	0	51161
TCAGGCTTAATCTTGC	A	1	696
TCAGGCTTAATCTTGC	A	4	12
TCAGGCTTAGTTGCGC	A	2	22891
TCAGGCTTAGTTGCGC	A	3	12923
TCAGGCTTCAGATCTT	A	0	1
TCAGGCTTCAGATCTT	A	2	13696
TCAGGCTTCAGATCTT	A	3	4067
TCAGGCTTCAGATCTT	A	4	8
TCAGGCTTCAGATTAC	A	0	1266
TCAGGCTTCAGATTAC	A	1	59
TCAGGCTTCAGATTAC	A	4	7
TCAGGCTTCATCTGAG	A	0	21451
TCAGGCTTCATCTGAG	A	1	431
TCAGGCTTCATCTGAG	A	4	7
TCAGGCTTCTGTTACA	A	2	10013
TCAGGCTTCTGTTACA	A	3	3437
TCAGGCTTCTGTTACA	A	4	1
TCAGGCTTGAGGGCAT	A	0	8303
TCAGGCTTGAGGGCAT	A	1	140
TCAGGCTTGAGGGCAT	A	2	1
TCAGGCTTGAGGGCAT	A	3	1
TCAGGCTTGAGGGCAT	A	4	9
TCAGGCTTTCATGACA	A	2	15941
TCAGGCTTTCATGACA	A	3	4740
TCAGGCTTTCATGACA	A	4	9
TCCTATGGAATCTTGC	A	0	22386
TCCTATGGAATCTTGC	A	1	2053
TCCTATGGAATCTTGC	A	4	5
TCCTATGGAGTTGCGC	A	2	19240
TCCTATGGAGTTGCGC	A	3	85692
TCCTATGGCAGATCTT	A	0	1
TCCTATGGCAGATCTT	A	2	35914
TCCTATGGCAGATCTT	A	3	60629
TCCTATGGCAGATCTT	A	4	16
TCCTATGGCAGATTAC	A	0	593
TCCTATGGCAGATTAC	A	1	81
TCCTATGGCAGATTAC	A	2	1
TCCTATGGCAGATTAC	A	3	1
TCCTATGGCAGATTAC	A	4	5
TCCTATGGCATCTGAG	A	0	14462
TCCTATGGCATCTGAG	A	1	860
TCCTATGGCATCTGAG	A	4	8
TCCTATGGCTGTTACA	A	2	50798
TCCTATGGCTGTTACA	A	3	71680
TCCTATGGCTGTTACA	A	4	6
TCCTATGGGAGGGCAT	A	0	6336
TCCTATGGGAGGGCAT	A	1	533
TCCTATGGGAGGGCAT	A	3	1
TCCTATGGGAGGGCAT	A	4	2
TCCTATGGTCATGACA	A	2	57379
TCCTATGGTCATGACA	A	3	79229
TCCTATGGTCATGACA	A	4	14
TCGTCAATAATCTTGC	A	0	13286
TCGTCAATAATCTTGC	A	1	920
TCGTCAATAATCTTGC	A	4	24
TCGTCAATAGTTGCGC	A	2	567
TCGTCAATAGTTGCGC	A	3	44985
TCGTCAATCAGATCTT	A	2	84
TCGTCAATCAGATCTT	A	3	2672
TCGTCAATCAGATCTT	A	4	8
TCGTCAATCAGATTAC	A	0	438
TCGTCAATCAGATTAC	A	1	50
TCGTCAATCAGATTAC	A	4	24
TCGTCAATCATCTGAG	A	0	3849
TCGTCAATCATCTGAG	A	1	302
TCGTCAATCATCTGAG	A	4	26
TCGTCAATCTGTTACA	A	2	118
TCGTCAATCTGTTACA	A	3	3631
TCGTCAATCTGTTACA	A	4	1
TCGTCAATGAGGGCAT	A	0	5382
TCGTCAATGAGGGCAT	A	1	402
TCGTCAATGAGGGCAT	A	4	16
TCGTCAATTCATGACA	A	2	64
TCGTCAATTCATGACA	A	3	1895
TCGTCAATTCATGACA	A	4	6
TCGTGCTCAATCTTGC	A	0	777
TCGTGCTCAATCTTGC	A	1	20382
TCGTGCTCAATCTTGC	A	4	36
TCGTGCTCAGTTGCGC	A	2	1470
TCGTGCTCAGTTGCGC	A	3	68770
TCGTGCTCAGTTGCGC	A	4	1
TCGTGCTCCAGATCTT	A	1	19
TCGTGCTCCAGATCTT	A	2	1267
TCGTGCTCCAGATCTT	A	3	36511
TCGTGCTCCAGATCTT	A	4	34
TCGTGCTCCAGATTAC	A	0	2915
TCGTGCTCCAGATTAC	A	1	60995
TCGTGCTCCAGATTAC	A	4	25
TCGTGCTCCATCTGAG	A	0	17684
TCGTGCTCCATCTGAG	A	1	246731
TCGTGCTCCATCTGAG	A	3	1
TCGTGCTCCATCTGAG	A	4	17
TCGTGCTCCTGTTACA	A	2	1975
TCGTGCTCCTGTTACA	A	3	62489
TCGTGCTCCTGTTACA	A	4	17
TCGTGCTCGAGGGCAT	A	0	13776
TCGTGCTCGAGGGCAT	A	1	237138
TCGTGCTCGAGGGCAT	A	3	2
TCGTGCTCGAGGGCAT	A	4	14
TCGTGCTCTCATGACA	A	2	4521
TCGTGCTCTCATGACA	A	3	188429
TCGTGCTCTCATGACA	A	4	32
TCTGGCCAAATCTTGC	A	0	593
TCTGGCCAAATCTTGC	A	1	324
TCTGGCCAAATCTTGC	A	2	1
TCTGGCCAAATCTTGC	A	3	1
TCTGGCCAAATCTTGC	A	4	33
TCTGGCCAAGTTGCGC	A	2	24158
TCTGGCCAAGTTGCGC	A	3	39179
TCTGGCCAAGTTGCGC	A	4	2
TCTGGCCACAGATCTT	A	0	15
TCTGGCCACAGATCTT	A	1	19
TCTGGCCACAGATCTT	A	2	147799
TCTGGCCACAGATCTT	A	3	61256
TCTGGCCACAGATCTT	A	4	53
TCTGGCCACAGATTAC	A	0	195847
TCTGGCCACAGATTAC	A	1	74716
TCTGGCCACAGATTAC	A	2	1
TCTGGCCACAGATTAC	A	4	19
TCTGGCCACATCTGAG	A	0	158324
TCTGGCCACATCTGAG	A	1	66158
TCTGGCCACATCTGAG	A	4	22
TCTGGCCACTGTTACA	A	0	1
TCTGGCCACTGTTACA	A	2	69226
TCTGGCCACTGTTACA	A	3	12072
TCTGGCCACTGTTACA	A	4	24
TCTGGCCAGAGGGCAT	A	0	193851
TCTGGCCAGAGGGCAT	A	1	160163
TCTGGCCAGAGGGCAT	A	2	1
TCTGGCCAGAGGGCAT	A	3	2
TCTGGCCAGAGGGCAT	A	4	27
TCTGGCCATCATGACA	A	0	1
TCTGGCCATCATGACA	A	2	4124
TCTGGCCATCATGACA	A	3	876
TCTGGCCATCATGACA	A	4	39
TCTTGAACAATCTTGC	A	0	95
TCTTGAACAATCTTGC	A	1	277238
TCTTGAACAATCTTGC	A	4	36
TCTTGAACAGTTGCGC	A	2	378
TCTTGAACAGTTGCGC	A	3	64410
TCTTGAACAGTTGCGC	A	4	6
TCTTGAACCAGATCTT	A	1	26
TCTTGAACCAGATCTT	A	2	3447
TCTTGAACCAGATCTT	A	3	174902
TCTTGAACCAGATCTT	A	4	46
TCTTGAACCAGATTAC	A	0	103
TCTTGAACCAGATTAC	A	1	200137
TCTTGAACCAGATTAC	A	4	34
TCTTGAACCATCTGAG	A	0	24
TCTTGAACCATCTGAG	A	1	422
TCTTGAACCATCTGAG	A	4	18
TCTTGAACCTGTTACA	A	2	81
TCTTGAACCTGTTACA	A	3	88402
TCTTGAACCTGTTACA	A	4	22
TCTTGAACGAGGGCAT	A	0	49
TCTTGAACGAGGGCAT	A	1	239168
TCTTGAACGAGGGCAT	A	4	15
TCTTGAACTCATGACA	A	2	2371
TCTTGAACTCATGACA	A	3	177424
TCTTGAACTCATGACA	A	4	25
TGAGAATCAATCTTGC	A	0	143765
TGAGAATCAATCTTGC	A	1	642
TGAGAATCAATCTTGC	A	4	10
TGAGAATCAGTTGCGC	A	2	68746
TGAGAATCAGTTGCGC	A	3	7606
TGAGAATCAGTTGCGC	A	4	1
TGAGAATCCAGATCTT	A	0	8
TGAGAATCCAGATCTT	A	2	87013
TGAGAATCCAGATCTT	A	3	3708
TGAGAATCCAGATCTT	A	4	16
TGAGAATCCAGATTAC	A	0	11464
TGAGAATCCAGATTAC	A	1	70
TGAGAATCCAGATTAC	A	4	12
TGAGAATCCATCTGAG	A	0	91643
TGAGAATCCATCTGAG	A	1	394
TGAGAATCCATCTGAG	A	4	18
TGAGAATCCTGTTACA	A	2	14996
TGAGAATCCTGTTACA	A	3	670
TGAGAATCCTGTTACA	A	4	3
TGAGAATCGAGGGCAT	A	0	32143
TGAGAATCGAGGGCAT	A	1	133
TGAGAATCGAGGGCAT	A	2	1
TGAGAATCGAGGGCAT	A	4	18
TGAGAATCTCATGACA	A	0	1
TGAGAATCTCATGACA	A	2	33053
TGAGAATCTCATGACA	A	3	1323
TGAGAATCTCATGACA	A	4	8
TGAGCTTTAATCTTGC	A	0	2149
TGAGCTTTAATCTTGC	A	1	649
TGAGCTTTAATCTTGC	A	4	2
TGAGCTTTAGTTGCGC	A	2	4622
TGAGCTTTAGTTGCGC	A	3	58164
TGAGCTTTCAGATCTT	A	0	1
TGAGCTTTCAGATCTT	A	2	5647
TGAGCTTTCAGATCTT	A	3	1948
TGAGCTTTCAGATCTT	A	4	3
TGAGCTTTCAGATTAC	A	0	77
TGAGCTTTCAGATTAC	A	1	29
TGAGCTTTCAGATTAC	A	4	5
TGAGCTTTCATCTGAG	A	0	435
TGAGCTTTCATCTGAG	A	1	333
TGAGCTTTCATCTGAG	A	4	1
TGAGCTTTCTGTTACA	A	2	1126
TGAGCTTTCTGTTACA	A	3	9322
TGAGCTTTCTGTTACA	A	4	3
TGAGCTTTGAGGGCAT	A	0	208
TGAGCTTTGAGGGCAT	A	1	48
TGAGCTTTGAGGGCAT	A	4	2
TGAGCTTTTCATGACA	A	2	2517
TGAGCTTTTCATGACA	A	3	6495
TGAGCTTTTCATGACA	A	4	7
TGATGCAGAATCTTGC	A	0	11320
TGATGCAGAATCTTGC	A	1	141520
TGATGCAGAATCTTGC	A	3	1
TGATGCAGAATCTTGC	A	4	45
TGATGCAGAGTTGCGC	A	2	2531
TGATGCAGAGTTGCGC	A	3	67975
TGATGCAGAGTTGCGC	A	4	3
TGATGCAGCAGATCTT	A	1	18
TGATGCAGCAGATCTT	A	2	5041
TGATGCAGCAGATCTT	A	3	35152
TGATGCAGCAGATCTT	A	4	46
TGATGCAGCAGATTAC	A	0	12819
TGATGCAGCAGATTAC	A	1	97997
TGATGCAGCAGATTAC	A	2	1
TGATGCAGCAGATTAC	A	4	26
TGATGCAGCATCTGAG	A	0	5320
TGATGCAGCATCTGAG	A	1	74009
TGATGCAGCATCTGAG	A	2	1
TGATGCAGCATCTGAG	A	4	25
TGATGCAGCTGTTACA	A	1	1
TGATGCAGCTGTTACA	A	2	21694
TGATGCAGCTGTTACA	A	3	99787
TGATGCAGCTGTTACA	A	4	22
TGATGCAGGAGGGCAT	A	0	7737
TGATGCAGGAGGGCAT	A	1	115206
TGATGCAGGAGGGCAT	A	4	29
TGATGCAGTCATGACA	A	2	24854
TGATGCAGTCATGACA	A	3	189733
TGATGCAGTCATGACA	A	4	32
TGGAACTAAATCTTGC	A	0	29
TGGAACTAAATCTTGC	A	1	822
TGGAACTAAATCTTGC	A	4	68
TGGAACTAAGTTGCGC	A	2	95
TGGAACTAAGTTGCGC	A	3	26658
TGGAACTAAGTTGCGC	A	4	2
TGGAACTACAGATCTT	A	0	2
TGGAACTACAGATCTT	A	1	18
TGGAACTACAGATCTT	A	2	404
TGGAACTACAGATCTT	A	3	194712
TGGAACTACAGATCTT	A	4	52
TGGAACTACAGATTAC	A	0	196
TGGAACTACAGATTAC	A	1	205198
TGGAACTACAGATTAC	A	4	55
TGGAACTACATCTGAG	A	0	291
TGGAACTACATCTGAG	A	1	297948
TGGAACTACATCTGAG	A	4	61
TGGAACTACTGTTACA	A	2	254
TGGAACTACTGTTACA	A	3	137576
TGGAACTACTGTTACA	A	4	20
TGGAACTAGAGGGCAT	A	0	172
TGGAACTAGAGGGCAT	A	1	99584
TGGAACTAGAGGGCAT	A	3	3
TGGAACTAGAGGGCAT	A	4	61
TGGAACTATCATGACA	A	0	1
TGGAACTATCATGACA	A	2	325
TGGAACTATCATGACA	A	3	130895
TGGAACTATCATGACA	A	4	44
TGGAATGGAATCTTGC	A	0	6846
TGGAATGGAATCTTGC	A	1	797
TGGAATGGAATCTTGC	A	4	9
TGGAATGGAGTTGCGC	A	2	394
TGGAATGGAGTTGCGC	A	3	23555
TGGAATGGCAGATCTT	A	2	298
TGGAATGGCAGATCTT	A	3	1495
TGGAATGGCAGATCTT	A	4	7
TGGAATGGCAGATTAC	A	0	347
TGGAATGGCAGATTAC	A	1	27
TGGAATGGCAGATTAC	A	4	6
TGGAATGGCATCTGAG	A	0	3137
TGGAATGGCATCTGAG	A	1	274
TGGAATGGCATCTGAG	A	4	7
TGGAATGGCTGTTACA	A	2	892
TGGAATGGCTGTTACA	A	3	13487
TGGAATGGCTGTTACA	A	4	3
TGGAATGGGAGGGCAT	A	0	2657
TGGAATGGGAGGGCAT	A	1	305
TGGAATGGGAGGGCAT	A	4	9
TGGAATGGTCATGACA	A	2	762
TGGAATGGTCATGACA	A	3	11312
TGGAATGGTCATGACA	A	4	14
TGGTATTCAATCTTGC	A	0	29360
TGGTATTCAATCTTGC	A	1	3173
TGGTATTCAATCTTGC	A	3	1
TGGTATTCAATCTTGC	A	4	45
TGGTATTCAGTTGCGC	A	2	38068
TGGTATTCAGTTGCGC	A	3	43207
TGGTATTCAGTTGCGC	A	4	1
TGGTATTCCAGATCTT	A	0	24
TGGTATTCCAGATCTT	A	1	4
TGGTATTCCAGATCTT	A	2	246579
TGGTATTCCAGATCTT	A	3	60223
TGGTATTCCAGATCTT	A	4	51
TGGTATTCCAGATTAC	A	0	221322
TGGTATTCCAGATTAC	A	1	18227
TGGTATTCCAGATTAC	A	2	3
TGGTATTCCAGATTAC	A	4	51
TGGTATTCCATCTGAG	A	0	454397
TGGTATTCCATCTGAG	A	1	41858
TGGTATTCCATCTGAG	A	2	2
TGGTATTCCATCTGAG	A	3	2
TGGTATTCCATCTGAG	A	4	34
TGGTATTCCTGTTACA	A	0	1
TGGTATTCCTGTTACA	A	2	127405
TGGTATTCCTGTTACA	A	3	16769
TGGTATTCCTGTTACA	A	4	16
TGGTATTCGAGGGCAT	A	0	401462
TGGTATTCGAGGGCAT	A	1	27417
TGGTATTCGAGGGCAT	A	2	1
TGGTATTCGAGGGCAT	A	4	28
TGGTATTCTCATGACA	A	2	166108
TGGTATTCTCATGACA	A	3	19739
TGGTATTCTCATGACA	A	4	41
TGTCGGCTAATCTTGC	A	0	70
TGTCGGCTAATCTTGC	A	1	260493
TGTCGGCTAATCTTGC	A	4	82
TGTCGGCTAGTTGCGC	A	1	1
TGTCGGCTAGTTGCGC	A	2	487
TGTCGGCTAGTTGCGC	A	3	76501
TGTCGGCTAGTTGCGC	A	4	4
TGTCGGCTCAGATCTT	A	1	5
TGTCGGCTCAGATCTT	A	2	705
TGTCGGCTCAGATCTT	A	3	183494
TGTCGGCTCAGATCTT	A	4	81
TGTCGGCTCAGATTAC	A	0	88
TGTCGGCTCAGATTAC	A	1	212519
TGTCGGCTCAGATTAC	A	3	1
TGTCGGCTCAGATTAC	A	4	50
TGTCGGCTCATCTGAG	A	0	1750
TGTCGGCTCATCTGAG	A	1	311930
TGTCGGCTCATCTGAG	A	4	48
TGTCGGCTCTGTTACA	A	1	1
TGTCGGCTCTGTTACA	A	2	357
TGTCGGCTCTGTTACA	A	3	117823
TGTCGGCTCTGTTACA	A	4	31
TGTCGGCTGAGGGCAT	A	0	19
TGTCGGCTGAGGGCAT	A	1	3924
TGTCGGCTGAGGGCAT	A	2	1
TGTCGGCTGAGGGCAT	A	3	4
TGTCGGCTGAGGGCAT	A	4	44
TGTCGGCTTCATGACA	A	2	648
TGTCGGCTTCATGACA	A	3	204572
TGTCGGCTTCATGACA	A	4	79
TTGGAAAGAATCTTGC	A	0	954
TTGGAAAGAATCTTGC	A	1	223
TTGGAAAGAATCTTGC	A	4	3
TTGGAAAGAGTTGCGC	A	2	142
TTGGAAAGAGTTGCGC	A	3	24440
TTGGAAAGCAGATCTT	A	0	1
TTGGAAAGCAGATCTT	A	1	2
TTGGAAAGCAGATCTT	A	2	35
TTGGAAAGCAGATCTT	A	3	251
TTGGAAAGCAGATCTT	A	4	6
TTGGAAAGCAGATTAC	A	0	128
TTGGAAAGCAGATTAC	A	1	76
TTGGAAAGCAGATTAC	A	4	9
TTGGAAAGCATCTGAG	A	0	1701
TTGGAAAGCATCTGAG	A	1	449
TTGGAAAGCATCTGAG	A	4	7
TTGGAAAGCTGTTACA	A	2	81
TTGGAAAGCTGTTACA	A	3	1939
TTGGAAAGCTGTTACA	A	4	2
TTGGAAAGGAGGGCAT	A	0	527
TTGGAAAGGAGGGCAT	A	1	175
TTGGAAAGGAGGGCAT	A	4	3
TTGGAAAGTCATGACA	A	2	162
TTGGAAAGTCATGACA	A	3	3422
TTGGAAAGTCATGACA	A	4	5
TTGGACTCAATCTTGC	A	0	2243
TTGGACTCAATCTTGC	A	1	545
TTGGACTCAATCTTGC	A	2	2
TTGGACTCAATCTTGC	A	4	45
TTGGACTCAGTTGCGC	A	2	49395
TTGGACTCAGTTGCGC	A	3	58856
TTGGACTCAGTTGCGC	A	4	4
TTGGACTCCAGATCTT	A	0	17
TTGGACTCCAGATCTT	A	1	10
TTGGACTCCAGATCTT	A	2	176349
TTGGACTCCAGATCTT	A	3	96360
TTGGACTCCAGATCTT	A	4	61
TTGGACTCCAGATTAC	A	0	286916
TTGGACTCCAGATTAC	A	1	57540
TTGGACTCCAGATTAC	A	2	1
TTGGACTCCAGATTAC	A	3	1
TTGGACTCCAGATTAC	A	4	50
TTGGACTCCATCTGAG	A	0	345181
TTGGACTCCATCTGAG	A	1	78665
TTGGACTCCATCTGAG	A	2	2
TTGGACTCCATCTGAG	A	4	33
TTGGACTCCTGTTACA	A	2	163729
TTGGACTCCTGTTACA	A	3	105142
TTGGACTCCTGTTACA	A	4	31
TTGGACTCGAGGGCAT	A	0	188354
TTGGACTCGAGGGCAT	A	1	62110
TTGGACTCGAGGGCAT	A	2	6
TTGGACTCGAGGGCAT	A	4	28
TTGGACTCTCATGACA	A	2	176310
TTGGACTCTCATGACA	A	3	97174
TTGGACTCTCATGACA	A	4	53
TTGGCCCAAATCTTGC	A	0	4397
TTGGCCCAAATCTTGC	A	1	422
TTGGCCCAAATCTTGC	A	4	648
TTGGCCCAAGTTGCGC	A	2	999
TTGGCCCAAGTTGCGC	A	3	17496
TTGGCCCAAGTTGCGC	A	4	2
TTGGCCCACAGATCTT	A	2	2624
TTGGCCCACAGATCTT	A	3	1762
TTGGCCCACAGATCTT	A	4	105
TTGGCCCACAGATTAC	A	0	1197
TTGGCCCACAGATTAC	A	1	150
TTGGCCCACAGATTAC	A	4	433
TTGGCCCACATCTGAG	A	0	11703
TTGGCCCACATCTGAG	A	1	1598
TTGGCCCACATCTGAG	A	4	283
TTGGCCCACTGTTACA	A	2	3605
TTGGCCCACTGTTACA	A	3	55267
TTGGCCCACTGTTACA	A	4	5
TTGGCCCAGAGGGCAT	A	0	3583
TTGGCCCAGAGGGCAT	A	1	387
TTGGCCCAGAGGGCAT	A	4	570
TTGGCCCATCATGACA	A	2	2981
TTGGCCCATCATGACA	A	3	5930
TTGGCCCATCATGACA	A	4	110
